date,region,beds,icu
2020-06-13,North,0.47,0.53
2020-06-14,North,0.49,0.53
2020-06-15,North,0.52,0.57
2020-06-16,North,0.54,0.58
2020-06-17,North,0.54,0.59
2020-06-18,North,0.51,0.57
2020-06-19,North,0.49,0.57
2020-06-20,North,0.5,0.57
2020-06-21,North,0.52,0.61
2020-06-22,North,0.52,0.63
2020-06-23,North,0.49,0.63
2020-06-24,North,0.47,0.62
2020-06-25,North,0.45,0.62
2020-06-26,North,0.46,0.63
2020-06-27,North,0.48,0.65
2020-06-28,North,0.49,0.68
2020-06-29,North,0.5,0.68
2020-06-30,North,0.49,0.7
2020-07-01,North,0.5,0.69
2020-07-02,North,0.49,0.71
2020-07-03,North,0.51,0.69
2020-07-04,North,0.52,0.7
2020-07-05,North,0.54,0.66
2020-07-06,North,0.52,0.63
2020-07-07,North,0.48,0.59
2020-07-08,North,0.45,0.59
2020-07-09,North,0.43,0.59
2020-07-10,North,0.43,0.59
2020-07-11,North,0.46,0.59
2020-07-12,North,0.49,0.59
2020-07-13,North,0.5,0.6
2020-07-14,North,0.48,0.6
2020-07-15,North,0.44,0.59
2020-07-16,North,0.42,0.57
2020-07-17,North,0.42,0.55
2020-07-18,North,0.43,0.52
2020-07-19,North,0.45,0.53
2020-07-20,North,0.45,0.53
2020-07-21,North,0.44,0.54
2020-07-22,North,0.43,0.54
2020-07-23,North,0.42,0.53
2020-07-24,North,0.42,0.52
2020-07-25,North,0.46,0.52
2020-07-26,North,0.48,0.54
2020-07-27,North,0.49,0.58
2020-07-28,North,0.46,0.54
2020-07-29,North,0.45,0.52
2020-07-30,North,0.43,0.48
2020-07-31,North,0.44,0.48
2020-08-01,North,0.46,0.48
2020-08-02,North,0.5,0.54
2020-08-03,North,0.51,0.59
2020-08-04,North,0.5,0.62
2020-08-05,North,0.44,0.57
2020-08-06,North,0.4,0.53
2020-08-07,North,0.41,0.5
2020-08-08,North,0.44,0.54
2020-08-09,North,0.47,0.59
2020-08-10,North,0.47,0.65
2020-08-11,North,0.46,0.65
2020-08-12,North,0.43,0.6
2020-08-13,North,0.42,0.54
2020-08-14,North,0.42,0.48
2020-08-15,North,0.43,0.48
2020-08-16,North,0.44,0.49
2020-08-17,North,0.45,0.53
2020-08-18,North,0.44,0.54
2020-08-19,North,0.42,0.54
2020-08-20,North,0.42,0.53
2020-08-21,North,0.42,0.54
2020-08-22,North,0.42,0.53
2020-08-23,North,0.45,0.52
2020-08-24,North,0.48,0.52
2020-08-25,North,0.47,0.52
2020-08-26,North,0.45,0.52
2020-08-27,North,0.43,0.52
2020-08-28,North,0.43,0.51
2020-08-29,North,0.45,0.5
2020-08-30,North,0.46,0.47
2020-08-31,North,0.46,0.47
2020-09-01,North,0.45,0.47
2020-09-02,North,0.42,0.48
2020-09-03,North,0.41,0.49
2020-09-04,North,0.41,0.49
2020-09-05,North,0.42,0.5
2020-09-06,North,0.44,0.51
2020-09-07,North,0.45,0.52
2020-09-08,North,0.46,0.52
2020-09-09,North,0.45,0.48
2020-09-10,North,0.43,0.44
2020-09-11,North,0.41,0.43
2020-09-12,North,0.43,0.46
2020-09-13,North,0.46,0.49
2020-09-14,North,0.46,0.46
2020-09-15,North,0.43,0.43
2020-09-16,North,0.39,0.42
2020-09-17,North,0.38,0.46
2020-09-18,North,0.39,0.47
2020-09-19,North,0.41,0.49
2020-09-20,North,0.43,0.5
2020-09-21,North,0.45,0.51
2020-09-22,North,0.44,0.52
2020-09-23,North,0.41,0.51
2020-09-24,North,0.38,0.5
2020-09-25,North,0.37,0.48
2020-09-26,North,0.37,0.47
2020-09-27,North,0.4,0.48
2020-09-28,North,0.41,0.5
2020-09-29,North,0.39,0.53
2020-09-30,North,0.36,0.55
2020-10-01,North,0.37,0.55
2020-10-02,North,0.39,0.55
2020-10-03,North,0.42,0.56
2020-10-04,North,0.45,0.56
2020-10-05,North,0.45,0.55
2020-10-06,North,0.42,0.54
2020-10-07,North,0.39,0.48
2020-10-08,North,0.36,0.46
2020-10-09,North,0.36,0.46
2020-10-10,North,0.38,0.51
2020-10-11,North,0.4,0.51
2020-10-12,North,0.4,0.49
2020-10-13,North,0.37,0.43
2020-10-14,North,0.34,0.4
2020-10-15,North,0.31,0.39
2020-10-16,North,0.33,0.42
2020-10-17,North,0.36,0.47
2020-10-18,North,0.39,0.48
2020-10-19,North,0.42,0.5
2020-10-20,North,0.41,0.48
2020-10-21,North,0.39,0.45
2020-10-22,North,0.36,0.41
2020-10-23,North,0.35,0.36
2020-10-24,North,0.35,0.37
2020-10-25,North,0.37,0.4
2020-10-26,North,0.37,0.42
2020-10-27,North,0.36,0.41
2020-10-28,North,0.32,0.38
2020-10-29,North,0.31,0.36
2020-10-30,North,0.33,0.36
2020-10-31,North,0.35,0.37
2020-11-01,North,0.36,0.38
2020-11-02,North,0.35,0.38
2020-11-03,North,0.33,0.38
2020-11-04,North,0.31,0.36
2020-11-05,North,0.3,0.36
2020-11-06,North,0.31,0.35
2020-11-07,North,0.32,0.38
2020-11-08,North,0.31,0.39
2020-11-09,North,0.3,0.39
2020-11-10,North,0.28,0.37
2020-11-11,North,0.26,0.36
2020-11-12,North,0.26,0.34
2020-11-13,North,0.28,0.34
2020-11-14,North,0.31,0.35
2020-11-15,North,0.34,0.38
2020-11-16,North,0.35,0.36
2020-11-17,North,0.34,0.37
2020-11-18,North,0.32,0.35
2020-11-19,North,0.29,0.3
2020-11-20,North,0.28,0.25
2020-11-21,North,0.26,0.23
2020-11-22,North,0.28,0.24
2020-11-23,North,0.27,0.26
2020-11-24,North,0.27,0.26
2020-11-25,North,0.23,0.24
2020-11-26,North,0.24,0.25
2020-11-27,North,0.24,0.23
2020-11-28,North,0.27,0.25
2020-11-29,North,0.27,0.23
2020-11-30,North,0.25,0.22
2020-12-01,North,0.23,0.2
2020-12-02,North,0.21,0.2
2020-12-03,North,0.24,0.22
2020-12-04,North,0.26,0.22
2020-12-05,North,0.27,0.22
2020-12-06,North,0.27,0.22
2020-12-07,North,0.26,0.23
2020-12-08,North,0.24,0.22
2020-12-09,North,0.24,0.21
2020-12-10,North,0.25,0.19
2020-12-11,North,0.27,0.19
2020-12-12,North,0.28,0.19
2020-12-13,North,0.29,0.21
2020-12-14,North,0.28,0.23
2020-12-15,North,0.26,0.25
2020-12-16,North,0.25,0.24
2020-12-17,North,0.25,0.23
2020-12-18,North,0.25,0.22
2020-12-19,North,0.25,0.23
2020-12-20,North,0.27,0.25
2020-12-21,North,0.27,0.26
2020-12-22,North,0.26,0.25
2020-12-23,North,0.24,0.23
2020-12-24,North,0.25,0.22
2020-12-25,North,0.3,0.24
2020-12-26,North,0.32,0.26
2020-12-27,North,0.34,0.28
2020-12-28,North,0.32,0.27
2020-12-29,North,0.29,0.26
2020-12-30,North,0.27,0.23
2020-12-31,North,0.27,0.23
2021-01-01,North,0.31,0.23
2021-01-02,North,0.31,0.24
2021-01-03,North,0.29,0.26
2021-01-04,North,0.26,0.28
2021-01-05,North,0.25,0.29
2021-01-06,North,0.22,0.28
2021-01-07,North,0.21,0.25
2021-01-08,North,0.22,0.24
2021-01-09,North,0.25,0.21
2021-01-10,North,0.28,0.23
2021-01-11,North,0.28,0.25
2021-01-12,North,0.28,0.27
2021-01-13,North,0.26,0.25
2021-01-14,North,0.24,0.22
2021-01-15,North,0.26,0.24
2021-01-16,North,0.26,0.25
2021-01-17,North,0.27,0.25
2021-01-18,North,0.27,0.25
2021-01-19,North,0.27,0.26
2021-01-20,North,0.27,0.27
2021-01-21,North,0.28,0.28
2021-01-22,North,0.29,0.29
2021-01-23,North,0.29,0.3
2020-06-13,North-Central,0.47,0.49
2020-06-14,North-Central,0.48,0.49
2020-06-15,North-Central,0.49,0.52
2020-06-16,North-Central,0.48,0.56
2020-06-17,North-Central,0.46,0.55
2020-06-18,North-Central,0.44,0.53
2020-06-19,North-Central,0.43,0.52
2020-06-20,North-Central,0.43,0.53
2020-06-21,North-Central,0.44,0.55
2020-06-22,North-Central,0.46,0.58
2020-06-23,North-Central,0.46,0.57
2020-06-24,North-Central,0.45,0.56
2020-06-25,North-Central,0.44,0.51
2020-06-26,North-Central,0.44,0.5
2020-06-27,North-Central,0.44,0.48
2020-06-28,North-Central,0.45,0.49
2020-06-29,North-Central,0.45,0.47
2020-06-30,North-Central,0.45,0.47
2020-07-01,North-Central,0.43,0.47
2020-07-02,North-Central,0.42,0.5
2020-07-03,North-Central,0.42,0.5
2020-07-04,North-Central,0.44,0.51
2020-07-05,North-Central,0.46,0.49
2020-07-06,North-Central,0.49,0.47
2020-07-07,North-Central,0.47,0.45
2020-07-08,North-Central,0.43,0.42
2020-07-09,North-Central,0.39,0.43
2020-07-10,North-Central,0.4,0.45
2020-07-11,North-Central,0.42,0.49
2020-07-12,North-Central,0.44,0.52
2020-07-13,North-Central,0.45,0.51
2020-07-14,North-Central,0.44,0.49
2020-07-15,North-Central,0.42,0.46
2020-07-16,North-Central,0.39,0.43
2020-07-17,North-Central,0.37,0.46
2020-07-18,North-Central,0.38,0.49
2020-07-19,North-Central,0.4,0.52
2020-07-20,North-Central,0.42,0.5
2020-07-21,North-Central,0.42,0.49
2020-07-22,North-Central,0.39,0.48
2020-07-23,North-Central,0.37,0.48
2020-07-24,North-Central,0.37,0.47
2020-07-25,North-Central,0.41,0.47
2020-07-26,North-Central,0.43,0.48
2020-07-27,North-Central,0.45,0.49
2020-07-28,North-Central,0.44,0.49
2020-07-29,North-Central,0.42,0.49
2020-07-30,North-Central,0.39,0.49
2020-07-31,North-Central,0.4,0.49
2020-08-01,North-Central,0.42,0.48
2020-08-02,North-Central,0.45,0.48
2020-08-03,North-Central,0.46,0.49
2020-08-04,North-Central,0.44,0.48
2020-08-05,North-Central,0.42,0.45
2020-08-06,North-Central,0.42,0.43
2020-08-07,North-Central,0.42,0.44
2020-08-08,North-Central,0.42,0.47
2020-08-09,North-Central,0.42,0.49
2020-08-10,North-Central,0.42,0.5
2020-08-11,North-Central,0.41,0.49
2020-08-12,North-Central,0.4,0.46
2020-08-13,North-Central,0.4,0.44
2020-08-14,North-Central,0.41,0.44
2020-08-15,North-Central,0.41,0.45
2020-08-16,North-Central,0.44,0.46
2020-08-17,North-Central,0.44,0.46
2020-08-18,North-Central,0.43,0.46
2020-08-19,North-Central,0.39,0.43
2020-08-20,North-Central,0.36,0.41
2020-08-21,North-Central,0.36,0.41
2020-08-22,North-Central,0.35,0.43
2020-08-23,North-Central,0.35,0.44
2020-08-24,North-Central,0.35,0.45
2020-08-25,North-Central,0.36,0.44
2020-08-26,North-Central,0.36,0.44
2020-08-27,North-Central,0.38,0.43
2020-08-28,North-Central,0.38,0.43
2020-08-29,North-Central,0.41,0.43
2020-08-30,North-Central,0.43,0.44
2020-08-31,North-Central,0.46,0.45
2020-09-01,North-Central,0.46,0.42
2020-09-02,North-Central,0.43,0.41
2020-09-03,North-Central,0.4,0.4
2020-09-04,North-Central,0.39,0.41
2020-09-05,North-Central,0.41,0.41
2020-09-06,North-Central,0.44,0.43
2020-09-07,North-Central,0.47,0.46
2020-09-08,North-Central,0.48,0.46
2020-09-09,North-Central,0.46,0.46
2020-09-10,North-Central,0.43,0.44
2020-09-11,North-Central,0.41,0.44
2020-09-12,North-Central,0.42,0.44
2020-09-13,North-Central,0.44,0.46
2020-09-14,North-Central,0.45,0.43
2020-09-15,North-Central,0.42,0.41
2020-09-16,North-Central,0.39,0.38
2020-09-17,North-Central,0.37,0.4
2020-09-18,North-Central,0.38,0.39
2020-09-19,North-Central,0.39,0.41
2020-09-20,North-Central,0.43,0.43
2020-09-21,North-Central,0.45,0.44
2020-09-22,North-Central,0.44,0.44
2020-09-23,North-Central,0.41,0.43
2020-09-24,North-Central,0.39,0.41
2020-09-25,North-Central,0.39,0.4
2020-09-26,North-Central,0.41,0.41
2020-09-27,North-Central,0.42,0.43
2020-09-28,North-Central,0.44,0.45
2020-09-29,North-Central,0.42,0.43
2020-09-30,North-Central,0.4,0.41
2020-10-01,North-Central,0.39,0.39
2020-10-02,North-Central,0.39,0.4
2020-10-03,North-Central,0.4,0.42
2020-10-04,North-Central,0.43,0.45
2020-10-05,North-Central,0.45,0.46
2020-10-06,North-Central,0.43,0.44
2020-10-07,North-Central,0.39,0.4
2020-10-08,North-Central,0.36,0.39
2020-10-09,North-Central,0.35,0.38
2020-10-10,North-Central,0.37,0.39
2020-10-11,North-Central,0.38,0.4
2020-10-12,North-Central,0.39,0.42
2020-10-13,North-Central,0.38,0.42
2020-10-14,North-Central,0.36,0.41
2020-10-15,North-Central,0.34,0.39
2020-10-16,North-Central,0.34,0.38
2020-10-17,North-Central,0.35,0.39
2020-10-18,North-Central,0.39,0.4
2020-10-19,North-Central,0.42,0.41
2020-10-20,North-Central,0.42,0.41
2020-10-21,North-Central,0.4,0.39
2020-10-22,North-Central,0.38,0.41
2020-10-23,North-Central,0.38,0.4
2020-10-24,North-Central,0.38,0.41
2020-10-25,North-Central,0.39,0.39
2020-10-26,North-Central,0.4,0.39
2020-10-27,North-Central,0.39,0.38
2020-10-28,North-Central,0.36,0.37
2020-10-29,North-Central,0.34,0.37
2020-10-30,North-Central,0.35,0.38
2020-10-31,North-Central,0.36,0.39
2020-11-01,North-Central,0.4,0.4
2020-11-02,North-Central,0.43,0.39
2020-11-03,North-Central,0.44,0.39
2020-11-04,North-Central,0.42,0.37
2020-11-05,North-Central,0.39,0.36
2020-11-06,North-Central,0.37,0.36
2020-11-07,North-Central,0.36,0.36
2020-11-08,North-Central,0.37,0.35
2020-11-09,North-Central,0.36,0.33
2020-11-10,North-Central,0.34,0.32
2020-11-11,North-Central,0.31,0.31
2020-11-12,North-Central,0.33,0.31
2020-11-13,North-Central,0.33,0.31
2020-11-14,North-Central,0.35,0.32
2020-11-15,North-Central,0.37,0.35
2020-11-16,North-Central,0.38,0.36
2020-11-17,North-Central,0.36,0.36
2020-11-18,North-Central,0.35,0.35
2020-11-19,North-Central,0.3,0.31
2020-11-20,North-Central,0.29,0.26
2020-11-21,North-Central,0.28,0.2
2020-11-22,North-Central,0.33,0.23
2020-11-23,North-Central,0.33,0.24
2020-11-24,North-Central,0.31,0.25
2020-11-25,North-Central,0.26,0.22
2020-11-26,North-Central,0.24,0.19
2020-11-27,North-Central,0.23,0.17
2020-11-28,North-Central,0.25,0.18
2020-11-29,North-Central,0.25,0.2
2020-11-30,North-Central,0.25,0.2
2020-12-01,North-Central,0.24,0.18
2020-12-02,North-Central,0.22,0.16
2020-12-03,North-Central,0.21,0.14
2020-12-04,North-Central,0.22,0.13
2020-12-05,North-Central,0.21,0.14
2020-12-06,North-Central,0.22,0.15
2020-12-07,North-Central,0.21,0.16
2020-12-08,North-Central,0.21,0.16
2020-12-09,North-Central,0.21,0.15
2020-12-10,North-Central,0.2,0.14
2020-12-11,North-Central,0.21,0.15
2020-12-12,North-Central,0.21,0.15
2020-12-13,North-Central,0.23,0.17
2020-12-14,North-Central,0.24,0.19
2020-12-15,North-Central,0.24,0.2
2020-12-16,North-Central,0.25,0.2
2020-12-17,North-Central,0.25,0.19
2020-12-18,North-Central,0.24,0.2
2020-12-19,North-Central,0.24,0.2
2020-12-20,North-Central,0.24,0.2
2020-12-21,North-Central,0.26,0.19
2020-12-22,North-Central,0.27,0.19
2020-12-23,North-Central,0.27,0.18
2020-12-24,North-Central,0.26,0.19
2020-12-25,North-Central,0.27,0.21
2020-12-26,North-Central,0.29,0.23
2020-12-27,North-Central,0.31,0.23
2020-12-28,North-Central,0.31,0.22
2020-12-29,North-Central,0.28,0.22
2020-12-30,North-Central,0.26,0.23
2020-12-31,North-Central,0.25,0.23
2021-01-01,North-Central,0.26,0.24
2021-01-02,North-Central,0.26,0.21
2021-01-03,North-Central,0.27,0.2
2021-01-04,North-Central,0.27,0.2
2021-01-05,North-Central,0.25,0.21
2021-01-06,North-Central,0.24,0.23
2021-01-07,North-Central,0.22,0.24
2021-01-08,North-Central,0.23,0.24
2021-01-09,North-Central,0.24,0.25
2021-01-10,North-Central,0.25,0.26
2021-01-11,North-Central,0.27,0.25
2021-01-12,North-Central,0.26,0.25
2021-01-13,North-Central,0.26,0.23
2021-01-14,North-Central,0.25,0.23
2021-01-15,North-Central,0.25,0.24
2021-01-16,North-Central,0.26,0.24
2021-01-17,North-Central,0.27,0.25
2021-01-18,North-Central,0.27,0.26
2021-01-19,North-Central,0.27,0.28
2021-01-20,North-Central,0.27,0.29
2021-01-21,North-Central,0.27,0.3
2021-01-22,North-Central,0.28,0.3
2021-01-23,North-Central,0.27,0.31
2020-06-13,West-Central,0.42,0.55
2020-06-14,West-Central,0.45,0.55
2020-06-15,West-Central,0.46,0.56
2020-06-16,West-Central,0.44,0.57
2020-06-17,West-Central,0.43,0.55
2020-06-18,West-Central,0.42,0.54
2020-06-19,West-Central,0.41,0.51
2020-06-20,West-Central,0.42,0.55
2020-06-21,West-Central,0.44,0.59
2020-06-22,West-Central,0.45,0.59
2020-06-23,West-Central,0.43,0.54
2020-06-24,West-Central,0.4,0.5
2020-06-25,West-Central,0.37,0.49
2020-06-26,West-Central,0.37,0.51
2020-06-27,West-Central,0.38,0.55
2020-06-28,West-Central,0.41,0.6
2020-06-29,West-Central,0.42,0.62
2020-06-30,West-Central,0.42,0.64
2020-07-01,West-Central,0.41,0.64
2020-07-02,West-Central,0.41,0.59
2020-07-03,West-Central,0.42,0.54
2020-07-04,West-Central,0.44,0.49
2020-07-05,West-Central,0.45,0.52
2020-07-06,West-Central,0.45,0.54
2020-07-07,West-Central,0.42,0.51
2020-07-08,West-Central,0.39,0.49
2020-07-09,West-Central,0.37,0.46
2020-07-10,West-Central,0.38,0.45
2020-07-11,West-Central,0.39,0.45
2020-07-12,West-Central,0.4,0.41
2020-07-13,West-Central,0.4,0.41
2020-07-14,West-Central,0.38,0.41
2020-07-15,West-Central,0.36,0.43
2020-07-16,West-Central,0.35,0.41
2020-07-17,West-Central,0.35,0.39
2020-07-18,West-Central,0.37,0.37
2020-07-19,West-Central,0.39,0.36
2020-07-20,West-Central,0.4,0.37
2020-07-21,West-Central,0.39,0.37
2020-07-22,West-Central,0.39,0.4
2020-07-23,West-Central,0.39,0.44
2020-07-24,West-Central,0.39,0.46
2020-07-25,West-Central,0.38,0.48
2020-07-26,West-Central,0.4,0.46
2020-07-27,West-Central,0.42,0.51
2020-07-28,West-Central,0.42,0.52
2020-07-29,West-Central,0.4,0.55
2020-07-30,West-Central,0.39,0.51
2020-07-31,West-Central,0.39,0.49
2020-08-01,West-Central,0.42,0.47
2020-08-02,West-Central,0.44,0.48
2020-08-03,West-Central,0.44,0.48
2020-08-04,West-Central,0.41,0.47
2020-08-05,West-Central,0.39,0.46
2020-08-06,West-Central,0.39,0.47
2020-08-07,West-Central,0.4,0.49
2020-08-08,West-Central,0.39,0.51
2020-08-09,West-Central,0.39,0.54
2020-08-10,West-Central,0.39,0.53
2020-08-11,West-Central,0.38,0.49
2020-08-12,West-Central,0.36,0.43
2020-08-13,West-Central,0.35,0.4
2020-08-14,West-Central,0.36,0.41
2020-08-15,West-Central,0.37,0.43
2020-08-16,West-Central,0.39,0.46
2020-08-17,West-Central,0.4,0.46
2020-08-18,West-Central,0.38,0.45
2020-08-19,West-Central,0.35,0.45
2020-08-20,West-Central,0.34,0.43
2020-08-21,West-Central,0.36,0.43
2020-08-22,West-Central,0.35,0.42
2020-08-23,West-Central,0.37,0.41
2020-08-24,West-Central,0.37,0.42
2020-08-25,West-Central,0.38,0.38
2020-08-26,West-Central,0.35,0.36
2020-08-27,West-Central,0.35,0.36
2020-08-28,West-Central,0.36,0.37
2020-08-29,West-Central,0.38,0.37
2020-08-30,West-Central,0.38,0.36
2020-08-31,West-Central,0.38,0.37
2020-09-01,West-Central,0.37,0.37
2020-09-02,West-Central,0.36,0.37
2020-09-03,West-Central,0.35,0.35
2020-09-04,West-Central,0.35,0.36
2020-09-05,West-Central,0.36,0.38
2020-09-06,West-Central,0.38,0.44
2020-09-07,West-Central,0.4,0.46
2020-09-08,West-Central,0.4,0.46
2020-09-09,West-Central,0.39,0.41
2020-09-10,West-Central,0.36,0.4
2020-09-11,West-Central,0.36,0.38
2020-09-12,West-Central,0.38,0.39
2020-09-13,West-Central,0.4,0.4
2020-09-14,West-Central,0.41,0.44
2020-09-15,West-Central,0.4,0.45
2020-09-16,West-Central,0.37,0.42
2020-09-17,West-Central,0.35,0.41
2020-09-18,West-Central,0.35,0.43
2020-09-19,West-Central,0.36,0.48
2020-09-20,West-Central,0.4,0.5
2020-09-21,West-Central,0.41,0.51
2020-09-22,West-Central,0.39,0.47
2020-09-23,West-Central,0.35,0.43
2020-09-24,West-Central,0.32,0.39
2020-09-25,West-Central,0.33,0.38
2020-09-26,West-Central,0.35,0.39
2020-09-27,West-Central,0.38,0.4
2020-09-28,West-Central,0.38,0.46
2020-09-29,West-Central,0.35,0.46
2020-09-30,West-Central,0.33,0.45
2020-10-01,West-Central,0.32,0.42
2020-10-02,West-Central,0.34,0.41
2020-10-03,West-Central,0.36,0.42
2020-10-04,West-Central,0.38,0.44
2020-10-05,West-Central,0.38,0.46
2020-10-06,West-Central,0.36,0.44
2020-10-07,West-Central,0.34,0.41
2020-10-08,West-Central,0.32,0.36
2020-10-09,West-Central,0.34,0.35
2020-10-10,West-Central,0.37,0.35
2020-10-11,West-Central,0.39,0.36
2020-10-12,West-Central,0.4,0.38
2020-10-13,West-Central,0.38,0.38
2020-10-14,West-Central,0.36,0.36
2020-10-15,West-Central,0.34,0.35
2020-10-16,West-Central,0.33,0.32
2020-10-17,West-Central,0.33,0.32
2020-10-18,West-Central,0.34,0.31
2020-10-19,West-Central,0.34,0.33
2020-10-20,West-Central,0.33,0.33
2020-10-21,West-Central,0.31,0.28
2020-10-22,West-Central,0.3,0.25
2020-10-23,West-Central,0.3,0.24
2020-10-24,West-Central,0.32,0.25
2020-10-25,West-Central,0.34,0.27
2020-10-26,West-Central,0.35,0.3
2020-10-27,West-Central,0.34,0.3
2020-10-28,West-Central,0.33,0.27
2020-10-29,West-Central,0.31,0.25
2020-10-30,West-Central,0.31,0.25
2020-10-31,West-Central,0.32,0.27
2020-11-01,West-Central,0.34,0.3
2020-11-02,West-Central,0.36,0.33
2020-11-03,West-Central,0.36,0.34
2020-11-04,West-Central,0.34,0.35
2020-11-05,West-Central,0.32,0.34
2020-11-06,West-Central,0.31,0.33
2020-11-07,West-Central,0.32,0.3
2020-11-08,West-Central,0.34,0.3
2020-11-09,West-Central,0.34,0.3
2020-11-10,West-Central,0.32,0.28
2020-11-11,West-Central,0.29,0.27
2020-11-12,West-Central,0.27,0.26
2020-11-13,West-Central,0.27,0.24
2020-11-14,West-Central,0.29,0.22
2020-11-15,West-Central,0.31,0.21
2020-11-16,West-Central,0.34,0.22
2020-11-17,West-Central,0.33,0.24
2020-11-18,West-Central,0.32,0.23
2020-11-19,West-Central,0.3,0.22
2020-11-20,West-Central,0.28,0.2
2020-11-21,West-Central,0.27,0.17
2020-11-22,West-Central,0.24,0.16
2020-11-23,West-Central,0.22,0.16
2020-11-24,West-Central,0.21,0.17
2020-11-25,West-Central,0.23,0.15
2020-11-26,West-Central,0.27,0.15
2020-11-27,West-Central,0.28,0.13
2020-11-28,West-Central,0.28,0.14
2020-11-29,West-Central,0.26,0.14
2020-11-30,West-Central,0.24,0.14
2020-12-01,West-Central,0.23,0.14
2020-12-02,West-Central,0.22,0.11
2020-12-03,West-Central,0.22,0.11
2020-12-04,West-Central,0.23,0.1
2020-12-05,West-Central,0.25,0.12
2020-12-06,West-Central,0.26,0.14
2020-12-07,West-Central,0.25,0.15
2020-12-08,West-Central,0.22,0.14
2020-12-09,West-Central,0.21,0.12
2020-12-10,West-Central,0.22,0.13
2020-12-11,West-Central,0.23,0.12
2020-12-12,West-Central,0.24,0.15
2020-12-13,West-Central,0.26,0.18
2020-12-14,West-Central,0.26,0.19
2020-12-15,West-Central,0.25,0.19
2020-12-16,West-Central,0.23,0.16
2020-12-17,West-Central,0.23,0.16
2020-12-18,West-Central,0.23,0.16
2020-12-19,West-Central,0.24,0.14
2020-12-20,West-Central,0.25,0.15
2020-12-21,West-Central,0.25,0.17
2020-12-22,West-Central,0.23,0.18
2020-12-23,West-Central,0.22,0.16
2020-12-24,West-Central,0.23,0.14
2020-12-25,West-Central,0.28,0.16
2020-12-26,West-Central,0.29,0.17
2020-12-27,West-Central,0.28,0.19
2020-12-28,West-Central,0.24,0.22
2020-12-29,West-Central,0.22,0.25
2020-12-30,West-Central,0.22,0.27
2020-12-31,West-Central,0.23,0.25
2021-01-01,West-Central,0.26,0.25
2021-01-02,West-Central,0.27,0.25
2021-01-03,West-Central,0.27,0.26
2021-01-04,West-Central,0.24,0.22
2021-01-05,West-Central,0.23,0.21
2021-01-06,West-Central,0.2,0.19
2021-01-07,West-Central,0.2,0.22
2021-01-08,West-Central,0.21,0.21
2021-01-09,West-Central,0.23,0.22
2021-01-10,West-Central,0.24,0.24
2021-01-11,West-Central,0.23,0.26
2021-01-12,West-Central,0.22,0.26
2021-01-13,West-Central,0.2,0.23
2021-01-14,West-Central,0.19,0.2
2021-01-15,West-Central,0.21,0.23
2021-01-16,West-Central,0.22,0.21
2021-01-17,West-Central,0.23,0.21
2021-01-18,West-Central,0.24,0.21
2021-01-19,West-Central,0.25,0.22
2021-01-20,West-Central,0.25,0.23
2021-01-21,West-Central,0.27,0.24
2021-01-22,West-Central,0.27,0.26
2021-01-23,West-Central,0.27,0.27
2020-06-13,Metro East,0.41,0.48
2020-06-14,Metro East,0.43,0.51
2020-06-15,Metro East,0.42,0.49
2020-06-16,Metro East,0.39,0.46
2020-06-17,Metro East,0.38,0.45
2020-06-18,Metro East,0.37,0.44
2020-06-19,Metro East,0.39,0.5
2020-06-20,Metro East,0.37,0.53
2020-06-21,Metro East,0.37,0.53
2020-06-22,Metro East,0.35,0.51
2020-06-23,Metro East,0.36,0.52
2020-06-24,Metro East,0.34,0.49
2020-06-25,Metro East,0.34,0.5
2020-06-26,Metro East,0.36,0.5
2020-06-27,Metro East,0.4,0.55
2020-06-28,Metro East,0.44,0.56
2020-06-29,Metro East,0.43,0.54
2020-06-30,Metro East,0.4,0.48
2020-07-01,Metro East,0.36,0.42
2020-07-02,Metro East,0.36,0.42
2020-07-03,Metro East,0.36,0.43
2020-07-04,Metro East,0.37,0.43
2020-07-05,Metro East,0.38,0.4
2020-07-06,Metro East,0.36,0.41
2020-07-07,Metro East,0.36,0.45
2020-07-08,Metro East,0.36,0.5
2020-07-09,Metro East,0.37,0.52
2020-07-10,Metro East,0.36,0.48
2020-07-11,Metro East,0.35,0.45
2020-07-12,Metro East,0.35,0.39
2020-07-13,Metro East,0.36,0.44
2020-07-14,Metro East,0.34,0.47
2020-07-15,Metro East,0.33,0.54
2020-07-16,Metro East,0.31,0.48
2020-07-17,Metro East,0.31,0.43
2020-07-18,Metro East,0.33,0.41
2020-07-19,Metro East,0.37,0.47
2020-07-20,Metro East,0.42,0.52
2020-07-21,Metro East,0.4,0.52
2020-07-22,Metro East,0.37,0.47
2020-07-23,Metro East,0.33,0.46
2020-07-24,Metro East,0.32,0.44
2020-07-25,Metro East,0.33,0.46
2020-07-26,Metro East,0.33,0.43
2020-07-27,Metro East,0.33,0.41
2020-07-28,Metro East,0.32,0.39
2020-07-29,Metro East,0.34,0.41
2020-07-30,Metro East,0.34,0.43
2020-07-31,Metro East,0.34,0.49
2020-08-01,Metro East,0.34,0.48
2020-08-02,Metro East,0.34,0.51
2020-08-03,Metro East,0.32,0.51
2020-08-04,Metro East,0.31,0.5
2020-08-05,Metro East,0.31,0.45
2020-08-06,Metro East,0.31,0.45
2020-08-07,Metro East,0.32,0.46
2020-08-08,Metro East,0.31,0.49
2020-08-09,Metro East,0.31,0.45
2020-08-10,Metro East,0.32,0.44
2020-08-11,Metro East,0.31,0.44
2020-08-12,Metro East,0.29,0.42
2020-08-13,Metro East,0.29,0.42
2020-08-14,Metro East,0.29,0.42
2020-08-15,Metro East,0.32,0.43
2020-08-16,Metro East,0.33,0.41
2020-08-17,Metro East,0.35,0.45
2020-08-18,Metro East,0.33,0.43
2020-08-19,Metro East,0.31,0.41
2020-08-20,Metro East,0.31,0.36
2020-08-21,Metro East,0.31,0.4
2020-08-22,Metro East,0.32,0.42
2020-08-23,Metro East,0.3,0.41
2020-08-24,Metro East,0.28,0.41
2020-08-25,Metro East,0.27,0.4
2020-08-26,Metro East,0.28,0.4
2020-08-27,Metro East,0.29,0.37
2020-08-28,Metro East,0.3,0.41
2020-08-29,Metro East,0.3,0.41
2020-08-30,Metro East,0.3,0.4
2020-08-31,Metro East,0.29,0.38
2020-09-01,Metro East,0.3,0.44
2020-09-02,Metro East,0.3,0.47
2020-09-03,Metro East,0.31,0.49
2020-09-04,Metro East,0.3,0.44
2020-09-05,Metro East,0.3,0.4
2020-09-06,Metro East,0.29,0.39
2020-09-07,Metro East,0.3,0.41
2020-09-08,Metro East,0.31,0.41
2020-09-09,Metro East,0.31,0.39
2020-09-10,Metro East,0.3,0.38
2020-09-11,Metro East,0.3,0.4
2020-09-12,Metro East,0.31,0.43
2020-09-13,Metro East,0.32,0.44
2020-09-14,Metro East,0.31,0.42
2020-09-15,Metro East,0.31,0.4
2020-09-16,Metro East,0.31,0.42
2020-09-17,Metro East,0.31,0.44
2020-09-18,Metro East,0.31,0.45
2020-09-19,Metro East,0.32,0.43
2020-09-20,Metro East,0.33,0.47
2020-09-21,Metro East,0.35,0.5
2020-09-22,Metro East,0.36,0.58
2020-09-23,Metro East,0.38,0.59
2020-09-24,Metro East,0.39,0.61
2020-09-25,Metro East,0.4,0.54
2020-09-26,Metro East,0.38,0.46
2020-09-27,Metro East,0.34,0.4
2020-09-28,Metro East,0.33,0.38
2020-09-29,Metro East,0.32,0.38
2020-09-30,Metro East,0.32,0.4
2020-10-01,Metro East,0.3,0.38
2020-10-02,Metro East,0.32,0.42
2020-10-03,Metro East,0.35,0.43
2020-10-04,Metro East,0.36,0.46
2020-10-05,Metro East,0.36,0.5
2020-10-06,Metro East,0.33,0.48
2020-10-07,Metro East,0.31,0.51
2020-10-08,Metro East,0.27,0.43
2020-10-09,Metro East,0.26,0.46
2020-10-10,Metro East,0.24,0.39
2020-10-11,Metro East,0.23,0.38
2020-10-12,Metro East,0.24,0.39
2020-10-13,Metro East,0.27,0.44
2020-10-14,Metro East,0.29,0.48
2020-10-15,Metro East,0.27,0.44
2020-10-16,Metro East,0.27,0.45
2020-10-17,Metro East,0.24,0.42
2020-10-18,Metro East,0.25,0.45
2020-10-19,Metro East,0.27,0.46
2020-10-20,Metro East,0.31,0.49
2020-10-21,Metro East,0.32,0.52
2020-10-22,Metro East,0.31,0.51
2020-10-23,Metro East,0.28,0.52
2020-10-24,Metro East,0.27,0.44
2020-10-25,Metro East,0.26,0.37
2020-10-26,Metro East,0.28,0.37
2020-10-27,Metro East,0.28,0.4
2020-10-28,Metro East,0.28,0.41
2020-10-29,Metro East,0.26,0.41
2020-10-30,Metro East,0.28,0.45
2020-10-31,Metro East,0.28,0.43
2020-11-01,Metro East,0.27,0.38
2020-11-02,Metro East,0.26,0.36
2020-11-03,Metro East,0.27,0.36
2020-11-04,Metro East,0.29,0.39
2020-11-05,Metro East,0.29,0.37
2020-11-06,Metro East,0.3,0.41
2020-11-07,Metro East,0.3,0.39
2020-11-08,Metro East,0.3,0.39
2020-11-09,Metro East,0.28,0.35
2020-11-10,Metro East,0.24,0.36
2020-11-11,Metro East,0.22,0.35
2020-11-12,Metro East,0.22,0.37
2020-11-13,Metro East,0.23,0.35
2020-11-14,Metro East,0.25,0.34
2020-11-15,Metro East,0.22,0.28
2020-11-16,Metro East,0.2,0.27
2020-11-17,Metro East,0.16,0.25
2020-11-18,Metro East,0.15,0.24
2020-11-19,Metro East,0.15,0.22
2020-11-20,Metro East,0.16,0.23
2020-11-21,Metro East,0.16,0.21
2020-11-22,Metro East,0.17,0.21
2020-11-23,Metro East,0.17,0.19
2020-11-24,Metro East,0.17,0.18
2020-11-25,Metro East,0.16,0.17
2020-11-26,Metro East,0.13,0.17
2020-11-27,Metro East,0.13,0.18
2020-11-28,Metro East,0.14,0.19
2020-11-29,Metro East,0.16,0.18
2020-11-30,Metro East,0.16,0.17
2020-12-01,Metro East,0.15,0.16
2020-12-02,Metro East,0.14,0.16
2020-12-03,Metro East,0.14,0.18
2020-12-04,Metro East,0.14,0.18
2020-12-05,Metro East,0.16,0.19
2020-12-06,Metro East,0.18,0.2
2020-12-07,Metro East,0.17,0.2
2020-12-08,Metro East,0.16,0.19
2020-12-09,Metro East,0.14,0.17
2020-12-10,Metro East,0.13,0.14
2020-12-11,Metro East,0.13,0.14
2020-12-12,Metro East,0.13,0.17
2020-12-13,Metro East,0.14,0.22
2020-12-14,Metro East,0.15,0.23
2020-12-15,Metro East,0.16,0.23
2020-12-16,Metro East,0.16,0.18
2020-12-17,Metro East,0.17,0.17
2020-12-18,Metro East,0.17,0.17
2020-12-19,Metro East,0.17,0.18
2020-12-20,Metro East,0.16,0.18
2020-12-21,Metro East,0.16,0.17
2020-12-22,Metro East,0.15,0.18
2020-12-23,Metro East,0.15,0.18
2020-12-24,Metro East,0.16,0.18
2020-12-25,Metro East,0.19,0.19
2020-12-26,Metro East,0.21,0.22
2020-12-27,Metro East,0.21,0.24
2020-12-28,Metro East,0.18,0.25
2020-12-29,Metro East,0.15,0.22
2020-12-30,Metro East,0.13,0.22
2020-12-31,Metro East,0.13,0.21
2021-01-01,Metro East,0.15,0.24
2021-01-02,Metro East,0.16,0.26
2021-01-03,Metro East,0.16,0.26
2021-01-04,Metro East,0.14,0.23
2021-01-05,Metro East,0.11,0.21
2021-01-06,Metro East,0.11,0.17
2021-01-07,Metro East,0.11,0.17
2021-01-08,Metro East,0.12,0.17
2021-01-09,Metro East,0.12,0.19
2021-01-10,Metro East,0.12,0.19
2021-01-11,Metro East,0.12,0.18
2021-01-12,Metro East,0.12,0.17
2021-01-13,Metro East,0.12,0.15
2021-01-14,Metro East,0.13,0.16
2021-01-15,Metro East,0.13,0.18
2021-01-16,Metro East,0.14,0.18
2021-01-17,Metro East,0.14,0.19
2021-01-18,Metro East,0.15,0.19
2021-01-19,Metro East,0.15,0.2
2021-01-20,Metro East,0.16,0.21
2021-01-21,Metro East,0.16,0.21
2021-01-22,Metro East,0.16,0.2
2021-01-23,Metro East,0.15,0.21
2020-06-13,Southern,0.46,0.59
2020-06-14,Southern,0.45,0.61
2020-06-15,Southern,0.48,0.58
2020-06-16,Southern,0.48,0.53
2020-06-17,Southern,0.48,0.5
2020-06-18,Southern,0.47,0.51
2020-06-19,Southern,0.49,0.57
2020-06-20,Southern,0.51,0.59
2020-06-21,Southern,0.54,0.61
2020-06-22,Southern,0.54,0.59
2020-06-23,Southern,0.51,0.56
2020-06-24,Southern,0.48,0.54
2020-06-25,Southern,0.47,0.52
2020-06-26,Southern,0.48,0.54
2020-06-27,Southern,0.49,0.55
2020-06-28,Southern,0.51,0.59
2020-06-29,Southern,0.52,0.58
2020-06-30,Southern,0.52,0.57
2020-07-01,Southern,0.51,0.55
2020-07-02,Southern,0.52,0.55
2020-07-03,Southern,0.53,0.57
2020-07-04,Southern,0.56,0.57
2020-07-05,Southern,0.56,0.54
2020-07-06,Southern,0.55,0.48
2020-07-07,Southern,0.51,0.48
2020-07-08,Southern,0.5,0.51
2020-07-09,Southern,0.48,0.54
2020-07-10,Southern,0.49,0.53
2020-07-11,Southern,0.5,0.53
2020-07-12,Southern,0.52,0.54
2020-07-13,Southern,0.54,0.57
2020-07-14,Southern,0.53,0.59
2020-07-15,Southern,0.5,0.6
2020-07-16,Southern,0.48,0.61
2020-07-17,Southern,0.48,0.6
2020-07-18,Southern,0.51,0.6
2020-07-19,Southern,0.53,0.59
2020-07-20,Southern,0.54,0.59
2020-07-21,Southern,0.52,0.55
2020-07-22,Southern,0.51,0.53
2020-07-23,Southern,0.5,0.51
2020-07-24,Southern,0.5,0.54
2020-07-25,Southern,0.51,0.55
2020-07-26,Southern,0.52,0.55
2020-07-27,Southern,0.53,0.56
2020-07-28,Southern,0.52,0.55
2020-07-29,Southern,0.5,0.57
2020-07-30,Southern,0.48,0.58
2020-07-31,Southern,0.47,0.58
2020-08-01,Southern,0.49,0.55
2020-08-02,Southern,0.52,0.55
2020-08-03,Southern,0.54,0.59
2020-08-04,Southern,0.54,0.62
2020-08-05,Southern,0.51,0.65
2020-08-06,Southern,0.5,0.64
2020-08-07,Southern,0.51,0.62
2020-08-08,Southern,0.53,0.58
2020-08-09,Southern,0.55,0.57
2020-08-10,Southern,0.55,0.6
2020-08-11,Southern,0.55,0.63
2020-08-12,Southern,0.52,0.61
2020-08-13,Southern,0.49,0.58
2020-08-14,Southern,0.48,0.52
2020-08-15,Southern,0.5,0.53
2020-08-16,Southern,0.52,0.54
2020-08-17,Southern,0.52,0.55
2020-08-18,Southern,0.5,0.54
2020-08-19,Southern,0.48,0.5
2020-08-20,Southern,0.47,0.52
2020-08-21,Southern,0.49,0.56
2020-08-22,Southern,0.5,0.61
2020-08-23,Southern,0.5,0.63
2020-08-24,Southern,0.5,0.6
2020-08-25,Southern,0.49,0.56
2020-08-26,Southern,0.47,0.53
2020-08-27,Southern,0.46,0.55
2020-08-28,Southern,0.47,0.56
2020-08-29,Southern,0.48,0.58
2020-08-30,Southern,0.49,0.57
2020-08-31,Southern,0.5,0.59
2020-09-01,Southern,0.51,0.57
2020-09-02,Southern,0.5,0.53
2020-09-03,Southern,0.49,0.49
2020-09-04,Southern,0.5,0.5
2020-09-05,Southern,0.51,0.49
2020-09-06,Southern,0.52,0.52
2020-09-07,Southern,0.52,0.53
2020-09-08,Southern,0.5,0.58
2020-09-09,Southern,0.47,0.57
2020-09-10,Southern,0.45,0.57
2020-09-11,Southern,0.45,0.59
2020-09-12,Southern,0.47,0.61
2020-09-13,Southern,0.49,0.61
2020-09-14,Southern,0.49,0.61
2020-09-15,Southern,0.47,0.63
2020-09-16,Southern,0.45,0.64
2020-09-17,Southern,0.45,0.64
2020-09-18,Southern,0.47,0.62
2020-09-19,Southern,0.48,0.6
2020-09-20,Southern,0.49,0.58
2020-09-21,Southern,0.51,0.6
2020-09-22,Southern,0.5,0.62
2020-09-23,Southern,0.48,0.63
2020-09-24,Southern,0.46,0.64
2020-09-25,Southern,0.48,0.64
2020-09-26,Southern,0.49,0.61
2020-09-27,Southern,0.5,0.56
2020-09-28,Southern,0.5,0.53
2020-09-29,Southern,0.49,0.53
2020-09-30,Southern,0.48,0.56
2020-10-01,Southern,0.46,0.54
2020-10-02,Southern,0.46,0.56
2020-10-03,Southern,0.46,0.57
2020-10-04,Southern,0.47,0.58
2020-10-05,Southern,0.49,0.57
2020-10-06,Southern,0.5,0.55
2020-10-07,Southern,0.5,0.55
2020-10-08,Southern,0.47,0.58
2020-10-09,Southern,0.46,0.61
2020-10-10,Southern,0.46,0.61
2020-10-11,Southern,0.47,0.58
2020-10-12,Southern,0.48,0.55
2020-10-13,Southern,0.47,0.54
2020-10-14,Southern,0.45,0.53
2020-10-15,Southern,0.44,0.54
2020-10-16,Southern,0.44,0.57
2020-10-17,Southern,0.47,0.62
2020-10-18,Southern,0.49,0.64
2020-10-19,Southern,0.49,0.64
2020-10-20,Southern,0.47,0.62
2020-10-21,Southern,0.45,0.6
2020-10-22,Southern,0.44,0.57
2020-10-23,Southern,0.45,0.56
2020-10-24,Southern,0.46,0.57
2020-10-25,Southern,0.48,0.56
2020-10-26,Southern,0.47,0.54
2020-10-27,Southern,0.47,0.55
2020-10-28,Southern,0.44,0.55
2020-10-29,Southern,0.44,0.54
2020-10-30,Southern,0.46,0.51
2020-10-31,Southern,0.49,0.55
2020-11-01,Southern,0.51,0.55
2020-11-02,Southern,0.52,0.57
2020-11-03,Southern,0.5,0.56
2020-11-04,Southern,0.49,0.54
2020-11-05,Southern,0.49,0.52
2020-11-06,Southern,0.49,0.49
2020-11-07,Southern,0.48,0.48
2020-11-08,Southern,0.48,0.46
2020-11-09,Southern,0.49,0.43
2020-11-10,Southern,0.48,0.41
2020-11-11,Southern,0.46,0.41
2020-11-12,Southern,0.44,0.43
2020-11-13,Southern,0.45,0.46
2020-11-14,Southern,0.48,0.46
2020-11-15,Southern,0.47,0.43
2020-11-16,Southern,0.47,0.42
2020-11-17,Southern,0.44,0.44
2020-11-18,Southern,0.44,0.41
2020-11-19,Southern,0.43,0.35
2020-11-20,Southern,0.45,0.3
2020-11-21,Southern,0.48,0.28
2020-11-22,Southern,0.43,0.27
2020-11-23,Southern,0.43,0.27
2020-11-24,Southern,0.38,0.23
2020-11-25,Southern,0.38,0.2
2020-11-26,Southern,0.33,0.14
2020-11-27,Southern,0.35,0.15
2020-11-28,Southern,0.37,0.15
2020-11-29,Southern,0.38,0.16
2020-11-30,Southern,0.36,0.15
2020-12-01,Southern,0.36,0.15
2020-12-02,Southern,0.36,0.16
2020-12-03,Southern,0.37,0.18
2020-12-04,Southern,0.36,0.2
2020-12-05,Southern,0.38,0.2
2020-12-06,Southern,0.39,0.21
2020-12-07,Southern,0.39,0.2
2020-12-08,Southern,0.36,0.18
2020-12-09,Southern,0.32,0.17
2020-12-10,Southern,0.31,0.16
2020-12-11,Southern,0.31,0.16
2020-12-12,Southern,0.32,0.14
2020-12-13,Southern,0.33,0.15
2020-12-14,Southern,0.35,0.15
2020-12-15,Southern,0.35,0.15
2020-12-16,Southern,0.33,0.16
2020-12-17,Southern,0.32,0.17
2020-12-18,Southern,0.31,0.18
2020-12-19,Southern,0.31,0.17
2020-12-20,Southern,0.32,0.16
2020-12-21,Southern,0.34,0.16
2020-12-22,Southern,0.35,0.15
2020-12-23,Southern,0.35,0.16
2020-12-24,Southern,0.37,0.16
2020-12-25,Southern,0.39,0.17
2020-12-26,Southern,0.4,0.16
2020-12-27,Southern,0.4,0.16
2020-12-28,Southern,0.37,0.15
2020-12-29,Southern,0.35,0.15
2020-12-30,Southern,0.33,0.13
2020-12-31,Southern,0.33,0.13
2021-01-01,Southern,0.34,0.13
2021-01-02,Southern,0.35,0.13
2021-01-03,Southern,0.37,0.13
2021-01-04,Southern,0.36,0.12
2021-01-05,Southern,0.35,0.13
2021-01-06,Southern,0.32,0.13
2021-01-07,Southern,0.31,0.14
2021-01-08,Southern,0.32,0.14
2021-01-09,Southern,0.34,0.18
2021-01-10,Southern,0.35,0.2
2021-01-11,Southern,0.36,0.22
2021-01-12,Southern,0.34,0.21
2021-01-13,Southern,0.33,0.21
2021-01-14,Southern,0.32,0.24
2021-01-15,Southern,0.34,0.24
2021-01-16,Southern,0.34,0.24
2021-01-17,Southern,0.33,0.24
2021-01-18,Southern,0.34,0.24
2021-01-19,Southern,0.34,0.25
2021-01-20,Southern,0.35,0.25
2021-01-21,Southern,0.35,0.24
2021-01-22,Southern,0.35,0.23
2021-01-23,Southern,0.36,0.24
2020-06-13,East-Central,0.44,0.62
2020-06-14,East-Central,0.47,0.62
2020-06-15,East-Central,0.48,0.59
2020-06-16,East-Central,0.47,0.56
2020-06-17,East-Central,0.45,0.56
2020-06-18,East-Central,0.43,0.56
2020-06-19,East-Central,0.42,0.56
2020-06-20,East-Central,0.43,0.53
2020-06-21,East-Central,0.44,0.53
2020-06-22,East-Central,0.46,0.56
2020-06-23,East-Central,0.45,0.56
2020-06-24,East-Central,0.44,0.56
2020-06-25,East-Central,0.42,0.55
2020-06-26,East-Central,0.43,0.56
2020-06-27,East-Central,0.43,0.57
2020-06-28,East-Central,0.45,0.57
2020-06-29,East-Central,0.45,0.53
2020-06-30,East-Central,0.44,0.5
2020-07-01,East-Central,0.41,0.48
2020-07-02,East-Central,0.39,0.48
2020-07-03,East-Central,0.39,0.48
2020-07-04,East-Central,0.42,0.47
2020-07-05,East-Central,0.46,0.47
2020-07-06,East-Central,0.47,0.48
2020-07-07,East-Central,0.45,0.5
2020-07-08,East-Central,0.42,0.51
2020-07-09,East-Central,0.39,0.49
2020-07-10,East-Central,0.39,0.46
2020-07-11,East-Central,0.41,0.46
2020-07-12,East-Central,0.45,0.5
2020-07-13,East-Central,0.47,0.49
2020-07-14,East-Central,0.46,0.49
2020-07-15,East-Central,0.41,0.48
2020-07-16,East-Central,0.36,0.49
2020-07-17,East-Central,0.36,0.49
2020-07-18,East-Central,0.38,0.5
2020-07-19,East-Central,0.42,0.49
2020-07-20,East-Central,0.44,0.48
2020-07-21,East-Central,0.43,0.47
2020-07-22,East-Central,0.4,0.46
2020-07-23,East-Central,0.37,0.46
2020-07-24,East-Central,0.37,0.42
2020-07-25,East-Central,0.39,0.41
2020-07-26,East-Central,0.41,0.43
2020-07-27,East-Central,0.41,0.43
2020-07-28,East-Central,0.4,0.42
2020-07-29,East-Central,0.37,0.4
2020-07-30,East-Central,0.37,0.44
2020-07-31,East-Central,0.36,0.48
2020-08-01,East-Central,0.39,0.49
2020-08-02,East-Central,0.41,0.5
2020-08-03,East-Central,0.43,0.52
2020-08-04,East-Central,0.41,0.54
2020-08-05,East-Central,0.38,0.54
2020-08-06,East-Central,0.37,0.48
2020-08-07,East-Central,0.37,0.47
2020-08-08,East-Central,0.39,0.43
2020-08-09,East-Central,0.4,0.44
2020-08-10,East-Central,0.41,0.43
2020-08-11,East-Central,0.4,0.42
2020-08-12,East-Central,0.38,0.41
2020-08-13,East-Central,0.36,0.4
2020-08-14,East-Central,0.35,0.39
2020-08-15,East-Central,0.37,0.37
2020-08-16,East-Central,0.39,0.4
2020-08-17,East-Central,0.41,0.44
2020-08-18,East-Central,0.4,0.46
2020-08-19,East-Central,0.37,0.46
2020-08-20,East-Central,0.34,0.43
2020-08-21,East-Central,0.33,0.45
2020-08-22,East-Central,0.36,0.45
2020-08-23,East-Central,0.39,0.49
2020-08-24,East-Central,0.43,0.48
2020-08-25,East-Central,0.42,0.48
2020-08-26,East-Central,0.41,0.45
2020-08-27,East-Central,0.38,0.45
2020-08-28,East-Central,0.38,0.43
2020-08-29,East-Central,0.39,0.44
2020-08-30,East-Central,0.41,0.48
2020-08-31,East-Central,0.42,0.54
2020-09-01,East-Central,0.41,0.55
2020-09-02,East-Central,0.38,0.54
2020-09-03,East-Central,0.34,0.47
2020-09-04,East-Central,0.33,0.44
2020-09-05,East-Central,0.33,0.43
2020-09-06,East-Central,0.36,0.46
2020-09-07,East-Central,0.38,0.49
2020-09-08,East-Central,0.4,0.51
2020-09-09,East-Central,0.37,0.52
2020-09-10,East-Central,0.35,0.51
2020-09-11,East-Central,0.34,0.49
2020-09-12,East-Central,0.37,0.43
2020-09-13,East-Central,0.39,0.39
2020-09-14,East-Central,0.4,0.38
2020-09-15,East-Central,0.38,0.41
2020-09-16,East-Central,0.36,0.45
2020-09-17,East-Central,0.36,0.42
2020-09-18,East-Central,0.35,0.39
2020-09-19,East-Central,0.36,0.4
2020-09-20,East-Central,0.37,0.44
2020-09-21,East-Central,0.39,0.44
2020-09-22,East-Central,0.38,0.41
2020-09-23,East-Central,0.35,0.34
2020-09-24,East-Central,0.32,0.33
2020-09-25,East-Central,0.32,0.35
2020-09-26,East-Central,0.33,0.41
2020-09-27,East-Central,0.37,0.45
2020-09-28,East-Central,0.4,0.48
2020-09-29,East-Central,0.39,0.47
2020-09-30,East-Central,0.38,0.44
2020-10-01,East-Central,0.35,0.41
2020-10-02,East-Central,0.34,0.45
2020-10-03,East-Central,0.34,0.48
2020-10-04,East-Central,0.36,0.52
2020-10-05,East-Central,0.38,0.52
2020-10-06,East-Central,0.37,0.53
2020-10-07,East-Central,0.36,0.51
2020-10-08,East-Central,0.32,0.48
2020-10-09,East-Central,0.31,0.45
2020-10-10,East-Central,0.33,0.46
2020-10-11,East-Central,0.37,0.48
2020-10-12,East-Central,0.39,0.49
2020-10-13,East-Central,0.37,0.47
2020-10-14,East-Central,0.34,0.46
2020-10-15,East-Central,0.31,0.45
2020-10-16,East-Central,0.32,0.45
2020-10-17,East-Central,0.31,0.46
2020-10-18,East-Central,0.33,0.46
2020-10-19,East-Central,0.34,0.46
2020-10-20,East-Central,0.33,0.45
2020-10-21,East-Central,0.31,0.43
2020-10-22,East-Central,0.28,0.39
2020-10-23,East-Central,0.28,0.36
2020-10-24,East-Central,0.38,0.36
2020-10-25,East-Central,0.41,0.38
2020-10-26,East-Central,0.43,0.4
2020-10-27,East-Central,0.34,0.41
2020-10-28,East-Central,0.32,0.42
2020-10-29,East-Central,0.31,0.41
2020-10-30,East-Central,0.33,0.4
2020-10-31,East-Central,0.33,0.37
2020-11-01,East-Central,0.32,0.37
2020-11-02,East-Central,0.33,0.37
2020-11-03,East-Central,0.34,0.39
2020-11-04,East-Central,0.34,0.38
2020-11-05,East-Central,0.3,0.39
2020-11-06,East-Central,0.3,0.41
2020-11-07,East-Central,0.32,0.42
2020-11-08,East-Central,0.34,0.4
2020-11-09,East-Central,0.35,0.36
2020-11-10,East-Central,0.34,0.33
2020-11-11,East-Central,0.32,0.33
2020-11-12,East-Central,0.31,0.31
2020-11-13,East-Central,0.3,0.31
2020-11-14,East-Central,0.33,0.3
2020-11-15,East-Central,0.35,0.32
2020-11-16,East-Central,0.37,0.33
2020-11-17,East-Central,0.34,0.35
2020-11-18,East-Central,0.33,0.38
2020-11-19,East-Central,0.28,0.35
2020-11-20,East-Central,0.29,0.33
2020-11-21,East-Central,0.29,0.29
2020-11-22,East-Central,0.3,0.33
2020-11-23,East-Central,0.28,0.33
2020-11-24,East-Central,0.27,0.32
2020-11-25,East-Central,0.28,0.31
2020-11-26,East-Central,0.29,0.31
2020-11-27,East-Central,0.29,0.3
2020-11-28,East-Central,0.31,0.3
2020-11-29,East-Central,0.32,0.28
2020-11-30,East-Central,0.31,0.28
2020-12-01,East-Central,0.27,0.27
2020-12-02,East-Central,0.24,0.26
2020-12-03,East-Central,0.24,0.26
2020-12-04,East-Central,0.27,0.24
2020-12-05,East-Central,0.3,0.25
2020-12-06,East-Central,0.29,0.26
2020-12-07,East-Central,0.28,0.29
2020-12-08,East-Central,0.25,0.28
2020-12-09,East-Central,0.23,0.29
2020-12-10,East-Central,0.22,0.29
2020-12-11,East-Central,0.22,0.28
2020-12-12,East-Central,0.27,0.28
2020-12-13,East-Central,0.3,0.29
2020-12-14,East-Central,0.29,0.3
2020-12-15,East-Central,0.28,0.31
2020-12-16,East-Central,0.26,0.29
2020-12-17,East-Central,0.27,0.27
2020-12-18,East-Central,0.27,0.26
2020-12-19,East-Central,0.25,0.25
2020-12-20,East-Central,0.25,0.27
2020-12-21,East-Central,0.25,0.28
2020-12-22,East-Central,0.25,0.32
2020-12-23,East-Central,0.23,0.32
2020-12-24,East-Central,0.24,0.33
2020-12-25,East-Central,0.28,0.34
2020-12-26,East-Central,0.31,0.36
2020-12-27,East-Central,0.32,0.38
2020-12-28,East-Central,0.29,0.36
2020-12-29,East-Central,0.27,0.34
2020-12-30,East-Central,0.25,0.32
2020-12-31,East-Central,0.23,0.32
2021-01-01,East-Central,0.26,0.32
2021-01-02,East-Central,0.28,0.31
2021-01-03,East-Central,0.31,0.3
2021-01-04,East-Central,0.28,0.29
2021-01-05,East-Central,0.25,0.3
2021-01-06,East-Central,0.22,0.29
2021-01-07,East-Central,0.2,0.3
2021-01-08,East-Central,0.19,0.31
2021-01-09,East-Central,0.19,0.3
2021-01-10,East-Central,0.22,0.33
2021-01-11,East-Central,0.25,0.34
2021-01-12,East-Central,0.26,0.35
2021-01-13,East-Central,0.23,0.32
2021-01-14,East-Central,0.21,0.32
2021-01-15,East-Central,0.23,0.33
2021-01-16,East-Central,0.23,0.32
2021-01-17,East-Central,0.23,0.31
2021-01-18,East-Central,0.23,0.31
2021-01-19,East-Central,0.23,0.3
2021-01-20,East-Central,0.24,0.3
2021-01-21,East-Central,0.24,0.29
2021-01-22,East-Central,0.24,0.28
2021-01-23,East-Central,0.25,0.29
2020-06-13,South Suburban,0.36,0.35
2020-06-14,South Suburban,0.36,0.36
2020-06-15,South Suburban,0.36,0.37
2020-06-16,South Suburban,0.36,0.36
2020-06-17,South Suburban,0.37,0.34
2020-06-18,South Suburban,0.37,0.33
2020-06-19,South Suburban,0.36,0.33
2020-06-20,South Suburban,0.35,0.36
2020-06-21,South Suburban,0.35,0.39
2020-06-22,South Suburban,0.37,0.42
2020-06-23,South Suburban,0.35,0.44
2020-06-24,South Suburban,0.32,0.41
2020-06-25,South Suburban,0.3,0.39
2020-06-26,South Suburban,0.3,0.37
2020-06-27,South Suburban,0.31,0.38
2020-06-28,South Suburban,0.33,0.39
2020-06-29,South Suburban,0.35,0.38
2020-06-30,South Suburban,0.35,0.39
2020-07-01,South Suburban,0.34,0.39
2020-07-02,South Suburban,0.32,0.39
2020-07-03,South Suburban,0.32,0.39
2020-07-04,South Suburban,0.32,0.38
2020-07-05,South Suburban,0.33,0.38
2020-07-06,South Suburban,0.33,0.35
2020-07-07,South Suburban,0.31,0.34
2020-07-08,South Suburban,0.29,0.31
2020-07-09,South Suburban,0.27,0.31
2020-07-10,South Suburban,0.27,0.3
2020-07-11,South Suburban,0.26,0.3
2020-07-12,South Suburban,0.27,0.3
2020-07-13,South Suburban,0.29,0.34
2020-07-14,South Suburban,0.29,0.33
2020-07-15,South Suburban,0.28,0.33
2020-07-16,South Suburban,0.27,0.28
2020-07-17,South Suburban,0.25,0.29
2020-07-18,South Suburban,0.27,0.3
2020-07-19,South Suburban,0.3,0.35
2020-07-20,South Suburban,0.33,0.38
2020-07-21,South Suburban,0.33,0.39
2020-07-22,South Suburban,0.32,0.38
2020-07-23,South Suburban,0.3,0.35
2020-07-24,South Suburban,0.29,0.33
2020-07-25,South Suburban,0.3,0.32
2020-07-26,South Suburban,0.31,0.35
2020-07-27,South Suburban,0.32,0.38
2020-07-28,South Suburban,0.28,0.37
2020-07-29,South Suburban,0.27,0.34
2020-07-30,South Suburban,0.25,0.31
2020-07-31,South Suburban,0.26,0.3
2020-08-01,South Suburban,0.29,0.3
2020-08-02,South Suburban,0.33,0.31
2020-08-03,South Suburban,0.36,0.32
2020-08-04,South Suburban,0.35,0.34
2020-08-05,South Suburban,0.34,0.34
2020-08-06,South Suburban,0.34,0.36
2020-08-07,South Suburban,0.35,0.35
2020-08-08,South Suburban,0.35,0.34
2020-08-09,South Suburban,0.36,0.33
2020-08-10,South Suburban,0.36,0.35
2020-08-11,South Suburban,0.33,0.36
2020-08-12,South Suburban,0.3,0.35
2020-08-13,South Suburban,0.29,0.32
2020-08-14,South Suburban,0.29,0.33
2020-08-15,South Suburban,0.31,0.33
2020-08-16,South Suburban,0.32,0.37
2020-08-17,South Suburban,0.33,0.37
2020-08-18,South Suburban,0.32,0.35
2020-08-19,South Suburban,0.31,0.32
2020-08-20,South Suburban,0.29,0.3
2020-08-21,South Suburban,0.27,0.3
2020-08-22,South Suburban,0.28,0.29
2020-08-23,South Suburban,0.3,0.3
2020-08-24,South Suburban,0.32,0.31
2020-08-25,South Suburban,0.3,0.33
2020-08-26,South Suburban,0.28,0.29
2020-08-27,South Suburban,0.27,0.27
2020-08-28,South Suburban,0.26,0.26
2020-08-29,South Suburban,0.27,0.27
2020-08-30,South Suburban,0.29,0.28
2020-08-31,South Suburban,0.3,0.29
2020-09-01,South Suburban,0.3,0.3
2020-09-02,South Suburban,0.3,0.3
2020-09-03,South Suburban,0.29,0.3
2020-09-04,South Suburban,0.29,0.29
2020-09-05,South Suburban,0.31,0.3
2020-09-06,South Suburban,0.33,0.32
2020-09-07,South Suburban,0.34,0.37
2020-09-08,South Suburban,0.33,0.39
2020-09-09,South Suburban,0.31,0.37
2020-09-10,South Suburban,0.31,0.34
2020-09-11,South Suburban,0.31,0.33
2020-09-12,South Suburban,0.33,0.34
2020-09-13,South Suburban,0.34,0.36
2020-09-14,South Suburban,0.35,0.38
2020-09-15,South Suburban,0.33,0.36
2020-09-16,South Suburban,0.3,0.34
2020-09-17,South Suburban,0.29,0.32
2020-09-18,South Suburban,0.28,0.31
2020-09-19,South Suburban,0.28,0.29
2020-09-20,South Suburban,0.3,0.29
2020-09-21,South Suburban,0.32,0.3
2020-09-22,South Suburban,0.33,0.32
2020-09-23,South Suburban,0.31,0.34
2020-09-24,South Suburban,0.28,0.33
2020-09-25,South Suburban,0.26,0.32
2020-09-26,South Suburban,0.27,0.29
2020-09-27,South Suburban,0.28,0.3
2020-09-28,South Suburban,0.29,0.31
2020-09-29,South Suburban,0.28,0.33
2020-09-30,South Suburban,0.26,0.33
2020-10-01,South Suburban,0.25,0.32
2020-10-02,South Suburban,0.24,0.3
2020-10-03,South Suburban,0.26,0.29
2020-10-04,South Suburban,0.28,0.3
2020-10-05,South Suburban,0.29,0.32
2020-10-06,South Suburban,0.29,0.34
2020-10-07,South Suburban,0.29,0.34
2020-10-08,South Suburban,0.29,0.33
2020-10-09,South Suburban,0.28,0.34
2020-10-10,South Suburban,0.29,0.33
2020-10-11,South Suburban,0.29,0.33
2020-10-12,South Suburban,0.3,0.32
2020-10-13,South Suburban,0.3,0.32
2020-10-14,South Suburban,0.29,0.29
2020-10-15,South Suburban,0.27,0.27
2020-10-16,South Suburban,0.25,0.26
2020-10-17,South Suburban,0.26,0.25
2020-10-18,South Suburban,0.28,0.25
2020-10-19,South Suburban,0.29,0.25
2020-10-20,South Suburban,0.27,0.25
2020-10-21,South Suburban,0.25,0.25
2020-10-22,South Suburban,0.24,0.25
2020-10-23,South Suburban,0.25,0.26
2020-10-24,South Suburban,0.25,0.27
2020-10-25,South Suburban,0.25,0.28
2020-10-26,South Suburban,0.26,0.29
2020-10-27,South Suburban,0.25,0.27
2020-10-28,South Suburban,0.24,0.27
2020-10-29,South Suburban,0.24,0.26
2020-10-30,South Suburban,0.23,0.27
2020-10-31,South Suburban,0.22,0.27
2020-11-01,South Suburban,0.22,0.29
2020-11-02,South Suburban,0.23,0.31
2020-11-03,South Suburban,0.22,0.3
2020-11-04,South Suburban,0.22,0.29
2020-11-05,South Suburban,0.22,0.29
2020-11-06,South Suburban,0.22,0.28
2020-11-07,South Suburban,0.23,0.28
2020-11-08,South Suburban,0.25,0.26
2020-11-09,South Suburban,0.27,0.28
2020-11-10,South Suburban,0.21,0.25
2020-11-11,South Suburban,0.15,0.21
2020-11-12,South Suburban,0.12,0.16
2020-11-13,South Suburban,0.16,0.15
2020-11-14,South Suburban,0.18,0.13
2020-11-15,South Suburban,0.15,0.15
2020-11-16,South Suburban,0.12,0.16
2020-11-17,South Suburban,0.11,0.16
2020-11-18,South Suburban,0.11,0.15
2020-11-19,South Suburban,0.11,0.14
2020-11-20,South Suburban,0.12,0.15
2020-11-21,South Suburban,0.14,0.17
2020-11-22,South Suburban,0.16,0.18
2020-11-23,South Suburban,0.17,0.19
2020-11-24,South Suburban,0.18,0.2
2020-11-25,South Suburban,0.2,0.2
2020-11-26,South Suburban,0.2,0.21
2020-11-27,South Suburban,0.2,0.2
2020-11-28,South Suburban,0.2,0.2
2020-11-29,South Suburban,0.2,0.19
2020-11-30,South Suburban,0.19,0.2
2020-12-01,South Suburban,0.18,0.2
2020-12-02,South Suburban,0.16,0.19
2020-12-03,South Suburban,0.16,0.2
2020-12-04,South Suburban,0.19,0.23
2020-12-05,South Suburban,0.2,0.25
2020-12-06,South Suburban,0.21,0.27
2020-12-07,South Suburban,0.2,0.24
2020-12-08,South Suburban,0.19,0.23
2020-12-09,South Suburban,0.17,0.21
2020-12-10,South Suburban,0.17,0.21
2020-12-11,South Suburban,0.17,0.2
2020-12-12,South Suburban,0.18,0.19
2020-12-13,South Suburban,0.18,0.19
2020-12-14,South Suburban,0.18,0.18
2020-12-15,South Suburban,0.16,0.18
2020-12-16,South Suburban,0.16,0.18
2020-12-17,South Suburban,0.16,0.19
2020-12-18,South Suburban,0.18,0.22
2020-12-19,South Suburban,0.22,0.24
2020-12-20,South Suburban,0.24,0.25
2020-12-21,South Suburban,0.25,0.24
2020-12-22,South Suburban,0.23,0.22
2020-12-23,South Suburban,0.23,0.19
2020-12-24,South Suburban,0.24,0.2
2020-12-25,South Suburban,0.28,0.23
2020-12-26,South Suburban,0.3,0.27
2020-12-27,South Suburban,0.28,0.27
2020-12-28,South Suburban,0.24,0.25
2020-12-29,South Suburban,0.22,0.22
2020-12-30,South Suburban,0.21,0.19
2020-12-31,South Suburban,0.22,0.2
2021-01-01,South Suburban,0.24,0.22
2021-01-02,South Suburban,0.26,0.26
2021-01-03,South Suburban,0.27,0.29
2021-01-04,South Suburban,0.25,0.29
2021-01-05,South Suburban,0.23,0.28
2021-01-06,South Suburban,0.2,0.25
2021-01-07,South Suburban,0.2,0.26
2021-01-08,South Suburban,0.2,0.25
2021-01-09,South Suburban,0.22,0.24
2021-01-10,South Suburban,0.24,0.25
2021-01-11,South Suburban,0.26,0.27
2021-01-12,South Suburban,0.25,0.29
2021-01-13,South Suburban,0.24,0.27
2021-01-14,South Suburban,0.23,0.26
2021-01-15,South Suburban,0.24,0.26
2021-01-16,South Suburban,0.24,0.26
2021-01-17,South Suburban,0.24,0.26
2021-01-18,South Suburban,0.24,0.26
2021-01-19,South Suburban,0.25,0.25
2021-01-20,South Suburban,0.24,0.26
2021-01-21,South Suburban,0.24,0.26
2021-01-22,South Suburban,0.23,0.26
2021-01-23,South Suburban,0.22,0.26
2020-06-13,West Suburban,0.32,0.43
2020-06-14,West Suburban,0.34,0.45
2020-06-15,West Suburban,0.36,0.48
2020-06-16,West Suburban,0.37,0.49
2020-06-17,West Suburban,0.35,0.48
2020-06-18,West Suburban,0.33,0.46
2020-06-19,West Suburban,0.32,0.46
2020-06-20,West Suburban,0.34,0.47
2020-06-21,West Suburban,0.37,0.49
2020-06-22,West Suburban,0.4,0.5
2020-06-23,West Suburban,0.37,0.49
2020-06-24,West Suburban,0.34,0.46
2020-06-25,West Suburban,0.31,0.43
2020-06-26,West Suburban,0.32,0.43
2020-06-27,West Suburban,0.33,0.46
2020-06-28,West Suburban,0.35,0.49
2020-06-29,West Suburban,0.37,0.51
2020-06-30,West Suburban,0.37,0.5
2020-07-01,West Suburban,0.35,0.49
2020-07-02,West Suburban,0.33,0.47
2020-07-03,West Suburban,0.35,0.48
2020-07-04,West Suburban,0.38,0.51
2020-07-05,West Suburban,0.42,0.55
2020-07-06,West Suburban,0.44,0.57
2020-07-07,West Suburban,0.41,0.55
2020-07-08,West Suburban,0.36,0.51
2020-07-09,West Suburban,0.33,0.47
2020-07-10,West Suburban,0.33,0.46
2020-07-11,West Suburban,0.34,0.47
2020-07-12,West Suburban,0.36,0.49
2020-07-13,West Suburban,0.39,0.51
2020-07-14,West Suburban,0.37,0.5
2020-07-15,West Suburban,0.34,0.49
2020-07-16,West Suburban,0.32,0.47
2020-07-17,West Suburban,0.32,0.48
2020-07-18,West Suburban,0.33,0.49
2020-07-19,West Suburban,0.35,0.5
2020-07-20,West Suburban,0.36,0.51
2020-07-21,West Suburban,0.36,0.5
2020-07-22,West Suburban,0.34,0.48
2020-07-23,West Suburban,0.32,0.47
2020-07-24,West Suburban,0.32,0.46
2020-07-25,West Suburban,0.34,0.46
2020-07-26,West Suburban,0.36,0.47
2020-07-27,West Suburban,0.39,0.49
2020-07-28,West Suburban,0.38,0.5
2020-07-29,West Suburban,0.35,0.49
2020-07-30,West Suburban,0.32,0.48
2020-07-31,West Suburban,0.33,0.46
2020-08-01,West Suburban,0.34,0.46
2020-08-02,West Suburban,0.37,0.47
2020-08-03,West Suburban,0.38,0.5
2020-08-04,West Suburban,0.38,0.5
2020-08-05,West Suburban,0.35,0.48
2020-08-06,West Suburban,0.34,0.47
2020-08-07,West Suburban,0.33,0.47
2020-08-08,West Suburban,0.34,0.47
2020-08-09,West Suburban,0.35,0.49
2020-08-10,West Suburban,0.36,0.49
2020-08-11,West Suburban,0.34,0.49
2020-08-12,West Suburban,0.31,0.46
2020-08-13,West Suburban,0.3,0.43
2020-08-14,West Suburban,0.31,0.44
2020-08-15,West Suburban,0.33,0.46
2020-08-16,West Suburban,0.34,0.47
2020-08-17,West Suburban,0.36,0.47
2020-08-18,West Suburban,0.34,0.45
2020-08-19,West Suburban,0.31,0.43
2020-08-20,West Suburban,0.28,0.41
2020-08-21,West Suburban,0.28,0.43
2020-08-22,West Suburban,0.3,0.46
2020-08-23,West Suburban,0.33,0.5
2020-08-24,West Suburban,0.36,0.51
2020-08-25,West Suburban,0.35,0.49
2020-08-26,West Suburban,0.32,0.46
2020-08-27,West Suburban,0.3,0.44
2020-08-28,West Suburban,0.31,0.45
2020-08-29,West Suburban,0.33,0.46
2020-08-30,West Suburban,0.36,0.48
2020-08-31,West Suburban,0.38,0.49
2020-09-01,West Suburban,0.36,0.47
2020-09-02,West Suburban,0.33,0.46
2020-09-03,West Suburban,0.31,0.45
2020-09-04,West Suburban,0.31,0.46
2020-09-05,West Suburban,0.32,0.47
2020-09-06,West Suburban,0.34,0.49
2020-09-07,West Suburban,0.37,0.51
2020-09-08,West Suburban,0.38,0.51
2020-09-09,West Suburban,0.36,0.5
2020-09-10,West Suburban,0.34,0.48
2020-09-11,West Suburban,0.31,0.48
2020-09-12,West Suburban,0.31,0.48
2020-09-13,West Suburban,0.34,0.48
2020-09-14,West Suburban,0.37,0.47
2020-09-15,West Suburban,0.36,0.44
2020-09-16,West Suburban,0.33,0.41
2020-09-17,West Suburban,0.29,0.38
2020-09-18,West Suburban,0.28,0.39
2020-09-19,West Suburban,0.3,0.4
2020-09-20,West Suburban,0.33,0.42
2020-09-21,West Suburban,0.35,0.44
2020-09-22,West Suburban,0.33,0.43
2020-09-23,West Suburban,0.3,0.41
2020-09-24,West Suburban,0.27,0.38
2020-09-25,West Suburban,0.27,0.38
2020-09-26,West Suburban,0.28,0.39
2020-09-27,West Suburban,0.3,0.41
2020-09-28,West Suburban,0.32,0.44
2020-09-29,West Suburban,0.32,0.44
2020-09-30,West Suburban,0.31,0.44
2020-10-01,West Suburban,0.29,0.44
2020-10-02,West Suburban,0.29,0.45
2020-10-03,West Suburban,0.31,0.45
2020-10-04,West Suburban,0.34,0.48
2020-10-05,West Suburban,0.37,0.49
2020-10-06,West Suburban,0.35,0.49
2020-10-07,West Suburban,0.32,0.47
2020-10-08,West Suburban,0.28,0.45
2020-10-09,West Suburban,0.28,0.43
2020-10-10,West Suburban,0.29,0.42
2020-10-11,West Suburban,0.31,0.44
2020-10-12,West Suburban,0.32,0.47
2020-10-13,West Suburban,0.32,0.48
2020-10-14,West Suburban,0.31,0.46
2020-10-15,West Suburban,0.3,0.43
2020-10-16,West Suburban,0.29,0.41
2020-10-17,West Suburban,0.3,0.41
2020-10-18,West Suburban,0.31,0.44
2020-10-19,West Suburban,0.34,0.47
2020-10-20,West Suburban,0.33,0.48
2020-10-21,West Suburban,0.29,0.46
2020-10-22,West Suburban,0.25,0.41
2020-10-23,West Suburban,0.24,0.38
2020-10-24,West Suburban,0.25,0.37
2020-10-25,West Suburban,0.27,0.39
2020-10-26,West Suburban,0.29,0.43
2020-10-27,West Suburban,0.28,0.44
2020-10-28,West Suburban,0.25,0.44
2020-10-29,West Suburban,0.23,0.4
2020-10-30,West Suburban,0.22,0.37
2020-10-31,West Suburban,0.23,0.36
2020-11-01,West Suburban,0.26,0.37
2020-11-02,West Suburban,0.29,0.38
2020-11-03,West Suburban,0.29,0.37
2020-11-04,West Suburban,0.26,0.38
2020-11-05,West Suburban,0.23,0.37
2020-11-06,West Suburban,0.22,0.38
2020-11-07,West Suburban,0.23,0.37
2020-11-08,West Suburban,0.24,0.37
2020-11-09,West Suburban,0.23,0.37
2020-11-10,West Suburban,0.21,0.35
2020-11-11,West Suburban,0.18,0.33
2020-11-12,West Suburban,0.19,0.33
2020-11-13,West Suburban,0.21,0.32
2020-11-14,West Suburban,0.23,0.32
2020-11-15,West Suburban,0.24,0.33
2020-11-16,West Suburban,0.24,0.34
2020-11-17,West Suburban,0.23,0.33
2020-11-18,West Suburban,0.22,0.32
2020-11-19,West Suburban,0.19,0.26
2020-11-20,West Suburban,0.17,0.23
2020-11-21,West Suburban,0.16,0.18
2020-11-22,West Suburban,0.17,0.19
2020-11-23,West Suburban,0.17,0.19
2020-11-24,West Suburban,0.17,0.19
2020-11-25,West Suburban,0.17,0.19
2020-11-26,West Suburban,0.2,0.2
2020-11-27,West Suburban,0.23,0.2
2020-11-28,West Suburban,0.24,0.23
2020-11-29,West Suburban,0.22,0.24
2020-11-30,West Suburban,0.19,0.27
2020-12-01,West Suburban,0.16,0.24
2020-12-02,West Suburban,0.15,0.23
2020-12-03,West Suburban,0.14,0.21
2020-12-04,West Suburban,0.13,0.21
2020-12-05,West Suburban,0.14,0.21
2020-12-06,West Suburban,0.16,0.2
2020-12-07,West Suburban,0.16,0.19
2020-12-08,West Suburban,0.15,0.18
2020-12-09,West Suburban,0.13,0.16
2020-12-10,West Suburban,0.12,0.15
2020-12-11,West Suburban,0.13,0.17
2020-12-12,West Suburban,0.16,0.19
2020-12-13,West Suburban,0.19,0.24
2020-12-14,West Suburban,0.2,0.27
2020-12-15,West Suburban,0.19,0.27
2020-12-16,West Suburban,0.18,0.24
2020-12-17,West Suburban,0.16,0.2
2020-12-18,West Suburban,0.15,0.2
2020-12-19,West Suburban,0.16,0.2
2020-12-20,West Suburban,0.19,0.23
2020-12-21,West Suburban,0.22,0.25
2020-12-22,West Suburban,0.21,0.25
2020-12-23,West Suburban,0.18,0.24
2020-12-24,West Suburban,0.16,0.22
2020-12-25,West Suburban,0.21,0.24
2020-12-26,West Suburban,0.25,0.28
2020-12-27,West Suburban,0.27,0.31
2020-12-28,West Suburban,0.25,0.34
2020-12-29,West Suburban,0.22,0.29
2020-12-30,West Suburban,0.17,0.27
2020-12-31,West Suburban,0.15,0.24
2021-01-01,West Suburban,0.17,0.26
2021-01-02,West Suburban,0.21,0.26
2021-01-03,West Suburban,0.23,0.27
2021-01-04,West Suburban,0.22,0.27
2021-01-05,West Suburban,0.19,0.25
2021-01-06,West Suburban,0.16,0.23
2021-01-07,West Suburban,0.13,0.21
2021-01-08,West Suburban,0.14,0.22
2021-01-09,West Suburban,0.18,0.22
2021-01-10,West Suburban,0.23,0.23
2021-01-11,West Suburban,0.25,0.24
2021-01-12,West Suburban,0.23,0.25
2021-01-13,West Suburban,0.19,0.25
2021-01-14,West Suburban,0.17,0.25
2021-01-15,West Suburban,0.2,0.25
2021-01-16,West Suburban,0.19,0.26
2021-01-17,West Suburban,0.19,0.27
2021-01-18,West Suburban,0.19,0.29
2021-01-19,West Suburban,0.19,0.29
2021-01-20,West Suburban,0.19,0.3
2021-01-21,West Suburban,0.19,0.31
2021-01-22,West Suburban,0.19,0.3
2021-01-23,West Suburban,0.2,0.3
2020-06-13,North Suburban,0.39,0.52
2020-06-14,North Suburban,0.42,0.55
2020-06-15,North Suburban,0.43,0.57
2020-06-16,North Suburban,0.43,0.57
2020-06-17,North Suburban,0.41,0.57
2020-06-18,North Suburban,0.38,0.56
2020-06-19,North Suburban,0.37,0.55
2020-06-20,North Suburban,0.38,0.55
2020-06-21,North Suburban,0.41,0.55
2020-06-22,North Suburban,0.42,0.56
2020-06-23,North Suburban,0.41,0.56
2020-06-24,North Suburban,0.39,0.56
2020-06-25,North Suburban,0.38,0.54
2020-06-26,North Suburban,0.39,0.53
2020-06-27,North Suburban,0.41,0.53
2020-06-28,North Suburban,0.43,0.54
2020-06-29,North Suburban,0.43,0.52
2020-06-30,North Suburban,0.42,0.49
2020-07-01,North Suburban,0.4,0.48
2020-07-02,North Suburban,0.4,0.5
2020-07-03,North Suburban,0.41,0.52
2020-07-04,North Suburban,0.43,0.55
2020-07-05,North Suburban,0.46,0.56
2020-07-06,North Suburban,0.46,0.55
2020-07-07,North Suburban,0.43,0.54
2020-07-08,North Suburban,0.4,0.55
2020-07-09,North Suburban,0.38,0.55
2020-07-10,North Suburban,0.39,0.55
2020-07-11,North Suburban,0.4,0.55
2020-07-12,North Suburban,0.43,0.57
2020-07-13,North Suburban,0.44,0.58
2020-07-14,North Suburban,0.42,0.58
2020-07-15,North Suburban,0.4,0.58
2020-07-16,North Suburban,0.38,0.57
2020-07-17,North Suburban,0.4,0.56
2020-07-18,North Suburban,0.41,0.53
2020-07-19,North Suburban,0.44,0.55
2020-07-20,North Suburban,0.45,0.57
2020-07-21,North Suburban,0.42,0.57
2020-07-22,North Suburban,0.4,0.55
2020-07-23,North Suburban,0.37,0.53
2020-07-24,North Suburban,0.37,0.54
2020-07-25,North Suburban,0.38,0.54
2020-07-26,North Suburban,0.41,0.55
2020-07-27,North Suburban,0.43,0.54
2020-07-28,North Suburban,0.42,0.52
2020-07-29,North Suburban,0.38,0.52
2020-07-30,North Suburban,0.36,0.51
2020-07-31,North Suburban,0.35,0.51
2020-08-01,North Suburban,0.37,0.51
2020-08-02,North Suburban,0.4,0.53
2020-08-03,North Suburban,0.43,0.54
2020-08-04,North Suburban,0.42,0.56
2020-08-05,North Suburban,0.41,0.54
2020-08-06,North Suburban,0.39,0.54
2020-08-07,North Suburban,0.4,0.54
2020-08-08,North Suburban,0.41,0.55
2020-08-09,North Suburban,0.44,0.56
2020-08-10,North Suburban,0.45,0.55
2020-08-11,North Suburban,0.41,0.54
2020-08-12,North Suburban,0.38,0.53
2020-08-13,North Suburban,0.36,0.53
2020-08-14,North Suburban,0.37,0.54
2020-08-15,North Suburban,0.39,0.56
2020-08-16,North Suburban,0.42,0.58
2020-08-17,North Suburban,0.43,0.58
2020-08-18,North Suburban,0.42,0.57
2020-08-19,North Suburban,0.39,0.54
2020-08-20,North Suburban,0.37,0.53
2020-08-21,North Suburban,0.37,0.52
2020-08-22,North Suburban,0.38,0.52
2020-08-23,North Suburban,0.39,0.53
2020-08-24,North Suburban,0.4,0.53
2020-08-25,North Suburban,0.37,0.51
2020-08-26,North Suburban,0.35,0.49
2020-08-27,North Suburban,0.33,0.49
2020-08-28,North Suburban,0.34,0.5
2020-08-29,North Suburban,0.36,0.5
2020-08-30,North Suburban,0.39,0.49
2020-08-31,North Suburban,0.42,0.48
2020-09-01,North Suburban,0.42,0.48
2020-09-02,North Suburban,0.39,0.48
2020-09-03,North Suburban,0.38,0.5
2020-09-04,North Suburban,0.37,0.53
2020-09-05,North Suburban,0.41,0.57
2020-09-06,North Suburban,0.44,0.6
2020-09-07,North Suburban,0.48,0.63
2020-09-08,North Suburban,0.48,0.61
2020-09-09,North Suburban,0.45,0.57
2020-09-10,North Suburban,0.41,0.54
2020-09-11,North Suburban,0.39,0.54
2020-09-12,North Suburban,0.41,0.56
2020-09-13,North Suburban,0.44,0.58
2020-09-14,North Suburban,0.45,0.6
2020-09-15,North Suburban,0.44,0.6
2020-09-16,North Suburban,0.41,0.6
2020-09-17,North Suburban,0.39,0.58
2020-09-18,North Suburban,0.38,0.55
2020-09-19,North Suburban,0.4,0.53
2020-09-20,North Suburban,0.42,0.53
2020-09-21,North Suburban,0.43,0.55
2020-09-22,North Suburban,0.4,0.54
2020-09-23,North Suburban,0.38,0.52
2020-09-24,North Suburban,0.36,0.49
2020-09-25,North Suburban,0.37,0.47
2020-09-26,North Suburban,0.37,0.48
2020-09-27,North Suburban,0.38,0.48
2020-09-28,North Suburban,0.4,0.49
2020-09-29,North Suburban,0.39,0.48
2020-09-30,North Suburban,0.37,0.48
2020-10-01,North Suburban,0.34,0.47
2020-10-02,North Suburban,0.34,0.47
2020-10-03,North Suburban,0.37,0.47
2020-10-04,North Suburban,0.42,0.49
2020-10-05,North Suburban,0.43,0.51
2020-10-06,North Suburban,0.42,0.52
2020-10-07,North Suburban,0.39,0.51
2020-10-08,North Suburban,0.38,0.49
2020-10-09,North Suburban,0.36,0.46
2020-10-10,North Suburban,0.37,0.44
2020-10-11,North Suburban,0.37,0.46
2020-10-12,North Suburban,0.39,0.48
2020-10-13,North Suburban,0.38,0.5
2020-10-14,North Suburban,0.36,0.51
2020-10-15,North Suburban,0.34,0.5
2020-10-16,North Suburban,0.34,0.5
2020-10-17,North Suburban,0.35,0.49
2020-10-18,North Suburban,0.38,0.51
2020-10-19,North Suburban,0.4,0.51
2020-10-20,North Suburban,0.39,0.51
2020-10-21,North Suburban,0.36,0.48
2020-10-22,North Suburban,0.34,0.47
2020-10-23,North Suburban,0.33,0.47
2020-10-24,North Suburban,0.36,0.48
2020-10-25,North Suburban,0.39,0.49
2020-10-26,North Suburban,0.4,0.5
2020-10-27,North Suburban,0.38,0.5
2020-10-28,North Suburban,0.35,0.5
2020-10-29,North Suburban,0.33,0.49
2020-10-30,North Suburban,0.33,0.47
2020-10-31,North Suburban,0.34,0.47
2020-11-01,North Suburban,0.34,0.47
2020-11-02,North Suburban,0.35,0.48
2020-11-03,North Suburban,0.34,0.46
2020-11-04,North Suburban,0.32,0.44
2020-11-05,North Suburban,0.3,0.42
2020-11-06,North Suburban,0.28,0.41
2020-11-07,North Suburban,0.3,0.41
2020-11-08,North Suburban,0.31,0.42
2020-11-09,North Suburban,0.31,0.45
2020-11-10,North Suburban,0.29,0.45
2020-11-11,North Suburban,0.27,0.44
2020-11-12,North Suburban,0.27,0.41
2020-11-13,North Suburban,0.26,0.41
2020-11-14,North Suburban,0.26,0.42
2020-11-15,North Suburban,0.28,0.43
2020-11-16,North Suburban,0.3,0.44
2020-11-17,North Suburban,0.29,0.43
2020-11-18,North Suburban,0.27,0.43
2020-11-19,North Suburban,0.23,0.35
2020-11-20,North Suburban,0.2,0.31
2020-11-21,North Suburban,0.19,0.25
2020-11-22,North Suburban,0.21,0.29
2020-11-23,North Suburban,0.21,0.29
2020-11-24,North Suburban,0.22,0.27
2020-11-25,North Suburban,0.21,0.26
2020-11-26,North Suburban,0.22,0.25
2020-11-27,North Suburban,0.22,0.27
2020-11-28,North Suburban,0.22,0.28
2020-11-29,North Suburban,0.2,0.26
2020-11-30,North Suburban,0.19,0.25
2020-12-01,North Suburban,0.19,0.23
2020-12-02,North Suburban,0.17,0.23
2020-12-03,North Suburban,0.16,0.24
2020-12-04,North Suburban,0.16,0.24
2020-12-05,North Suburban,0.18,0.25
2020-12-06,North Suburban,0.21,0.27
2020-12-07,North Suburban,0.22,0.29
2020-12-08,North Suburban,0.2,0.28
2020-12-09,North Suburban,0.2,0.26
2020-12-10,North Suburban,0.21,0.26
2020-12-11,North Suburban,0.23,0.28
2020-12-12,North Suburban,0.23,0.3
2020-12-13,North Suburban,0.24,0.29
2020-12-14,North Suburban,0.23,0.27
2020-12-15,North Suburban,0.22,0.25
2020-12-16,North Suburban,0.2,0.24
2020-12-17,North Suburban,0.18,0.24
2020-12-18,North Suburban,0.16,0.25
2020-12-19,North Suburban,0.15,0.26
2020-12-20,North Suburban,0.17,0.26
2020-12-21,North Suburban,0.19,0.26
2020-12-22,North Suburban,0.19,0.27
2020-12-23,North Suburban,0.16,0.27
2020-12-24,North Suburban,0.16,0.29
2020-12-25,North Suburban,0.19,0.29
2020-12-26,North Suburban,0.21,0.32
2020-12-27,North Suburban,0.23,0.3
2020-12-28,North Suburban,0.22,0.32
2020-12-29,North Suburban,0.22,0.3
2020-12-30,North Suburban,0.19,0.3
2020-12-31,North Suburban,0.18,0.28
2021-01-01,North Suburban,0.16,0.29
2021-01-02,North Suburban,0.16,0.27
2021-01-03,North Suburban,0.16,0.27
2021-01-04,North Suburban,0.16,0.25
2021-01-05,North Suburban,0.14,0.24
2021-01-06,North Suburban,0.14,0.24
2021-01-07,North Suburban,0.13,0.23
2021-01-08,North Suburban,0.14,0.23
2021-01-09,North Suburban,0.15,0.23
2021-01-10,North Suburban,0.17,0.24
2021-01-11,North Suburban,0.19,0.25
2021-01-12,North Suburban,0.19,0.25
2021-01-13,North Suburban,0.18,0.25
2021-01-14,North Suburban,0.17,0.25
2021-01-15,North Suburban,0.18,0.25
2021-01-16,North Suburban,0.18,0.25
2021-01-17,North Suburban,0.18,0.25
2021-01-18,North Suburban,0.18,0.25
2021-01-19,North Suburban,0.17,0.25
2021-01-20,North Suburban,0.17,0.25
2021-01-21,North Suburban,0.17,0.25
2021-01-22,North Suburban,0.16,0.26
2021-01-23,North Suburban,0.17,0.27
2020-06-13,Suburban Cook,0.27,0.36
2020-06-14,Suburban Cook,0.31,0.38
2020-06-15,Suburban Cook,0.33,0.41
2020-06-16,Suburban Cook,0.33,0.4
2020-06-17,Suburban Cook,0.31,0.38
2020-06-18,Suburban Cook,0.29,0.35
2020-06-19,Suburban Cook,0.29,0.35
2020-06-20,Suburban Cook,0.28,0.36
2020-06-21,Suburban Cook,0.3,0.38
2020-06-22,Suburban Cook,0.31,0.41
2020-06-23,Suburban Cook,0.31,0.4
2020-06-24,Suburban Cook,0.3,0.39
2020-06-25,Suburban Cook,0.28,0.37
2020-06-26,Suburban Cook,0.28,0.37
2020-06-27,Suburban Cook,0.28,0.38
2020-06-28,Suburban Cook,0.3,0.41
2020-06-29,Suburban Cook,0.32,0.43
2020-06-30,Suburban Cook,0.32,0.43
2020-07-01,Suburban Cook,0.3,0.41
2020-07-02,Suburban Cook,0.29,0.39
2020-07-03,Suburban Cook,0.29,0.39
2020-07-04,Suburban Cook,0.3,0.41
2020-07-05,Suburban Cook,0.32,0.44
2020-07-06,Suburban Cook,0.33,0.45
2020-07-07,Suburban Cook,0.32,0.45
2020-07-08,Suburban Cook,0.29,0.42
2020-07-09,Suburban Cook,0.28,0.4
2020-07-10,Suburban Cook,0.27,0.38
2020-07-11,Suburban Cook,0.28,0.37
2020-07-12,Suburban Cook,0.3,0.38
2020-07-13,Suburban Cook,0.32,0.4
2020-07-14,Suburban Cook,0.31,0.41
2020-07-15,Suburban Cook,0.29,0.39
2020-07-16,Suburban Cook,0.26,0.38
2020-07-17,Suburban Cook,0.27,0.37
2020-07-18,Suburban Cook,0.28,0.39
2020-07-19,Suburban Cook,0.3,0.4
2020-07-20,Suburban Cook,0.31,0.42
2020-07-21,Suburban Cook,0.3,0.4
2020-07-22,Suburban Cook,0.28,0.39
2020-07-23,Suburban Cook,0.27,0.38
2020-07-24,Suburban Cook,0.27,0.37
2020-07-25,Suburban Cook,0.27,0.35
2020-07-26,Suburban Cook,0.28,0.34
2020-07-27,Suburban Cook,0.29,0.35
2020-07-28,Suburban Cook,0.29,0.36
2020-07-29,Suburban Cook,0.28,0.36
2020-07-30,Suburban Cook,0.27,0.34
2020-07-31,Suburban Cook,0.27,0.33
2020-08-01,Suburban Cook,0.28,0.33
2020-08-02,Suburban Cook,0.31,0.36
2020-08-03,Suburban Cook,0.33,0.37
2020-08-04,Suburban Cook,0.33,0.36
2020-08-05,Suburban Cook,0.3,0.35
2020-08-06,Suburban Cook,0.29,0.34
2020-08-07,Suburban Cook,0.28,0.34
2020-08-08,Suburban Cook,0.3,0.35
2020-08-09,Suburban Cook,0.32,0.36
2020-08-10,Suburban Cook,0.34,0.38
2020-08-11,Suburban Cook,0.33,0.37
2020-08-12,Suburban Cook,0.31,0.36
2020-08-13,Suburban Cook,0.28,0.34
2020-08-14,Suburban Cook,0.28,0.34
2020-08-15,Suburban Cook,0.29,0.36
2020-08-16,Suburban Cook,0.31,0.37
2020-08-17,Suburban Cook,0.32,0.38
2020-08-18,Suburban Cook,0.31,0.37
2020-08-19,Suburban Cook,0.29,0.35
2020-08-20,Suburban Cook,0.27,0.33
2020-08-21,Suburban Cook,0.28,0.34
2020-08-22,Suburban Cook,0.3,0.36
2020-08-23,Suburban Cook,0.32,0.38
2020-08-24,Suburban Cook,0.34,0.38
2020-08-25,Suburban Cook,0.33,0.37
2020-08-26,Suburban Cook,0.31,0.34
2020-08-27,Suburban Cook,0.28,0.33
2020-08-28,Suburban Cook,0.27,0.33
2020-08-29,Suburban Cook,0.27,0.34
2020-08-30,Suburban Cook,0.29,0.36
2020-08-31,Suburban Cook,0.31,0.38
2020-09-01,Suburban Cook,0.3,0.38
2020-09-02,Suburban Cook,0.28,0.36
2020-09-03,Suburban Cook,0.27,0.34
2020-09-04,Suburban Cook,0.28,0.33
2020-09-05,Suburban Cook,0.3,0.35
2020-09-06,Suburban Cook,0.32,0.38
2020-09-07,Suburban Cook,0.34,0.41
2020-09-08,Suburban Cook,0.35,0.43
2020-09-09,Suburban Cook,0.33,0.43
2020-09-10,Suburban Cook,0.31,0.4
2020-09-11,Suburban Cook,0.29,0.35
2020-09-12,Suburban Cook,0.3,0.34
2020-09-13,Suburban Cook,0.31,0.35
2020-09-14,Suburban Cook,0.33,0.38
2020-09-15,Suburban Cook,0.32,0.39
2020-09-16,Suburban Cook,0.29,0.38
2020-09-17,Suburban Cook,0.27,0.37
2020-09-18,Suburban Cook,0.25,0.35
2020-09-19,Suburban Cook,0.27,0.35
2020-09-20,Suburban Cook,0.3,0.37
2020-09-21,Suburban Cook,0.33,0.41
2020-09-22,Suburban Cook,0.32,0.42
2020-09-23,Suburban Cook,0.28,0.38
2020-09-24,Suburban Cook,0.26,0.34
2020-09-25,Suburban Cook,0.24,0.31
2020-09-26,Suburban Cook,0.25,0.32
2020-09-27,Suburban Cook,0.26,0.34
2020-09-28,Suburban Cook,0.27,0.36
2020-09-29,Suburban Cook,0.26,0.36
2020-09-30,Suburban Cook,0.24,0.34
2020-10-01,Suburban Cook,0.24,0.32
2020-10-02,Suburban Cook,0.24,0.31
2020-10-03,Suburban Cook,0.25,0.32
2020-10-04,Suburban Cook,0.27,0.33
2020-10-05,Suburban Cook,0.28,0.35
2020-10-06,Suburban Cook,0.27,0.34
2020-10-07,Suburban Cook,0.25,0.32
2020-10-08,Suburban Cook,0.23,0.29
2020-10-09,Suburban Cook,0.23,0.3
2020-10-10,Suburban Cook,0.24,0.3
2020-10-11,Suburban Cook,0.26,0.31
2020-10-12,Suburban Cook,0.27,0.32
2020-10-13,Suburban Cook,0.26,0.31
2020-10-14,Suburban Cook,0.24,0.31
2020-10-15,Suburban Cook,0.22,0.29
2020-10-16,Suburban Cook,0.22,0.29
2020-10-17,Suburban Cook,0.24,0.3
2020-10-18,Suburban Cook,0.26,0.31
2020-10-19,Suburban Cook,0.28,0.32
2020-10-20,Suburban Cook,0.26,0.32
2020-10-21,Suburban Cook,0.24,0.3
2020-10-22,Suburban Cook,0.23,0.29
2020-10-23,Suburban Cook,0.24,0.29
2020-10-24,Suburban Cook,0.25,0.3
2020-10-25,Suburban Cook,0.26,0.32
2020-10-26,Suburban Cook,0.27,0.33
2020-10-27,Suburban Cook,0.26,0.33
2020-10-28,Suburban Cook,0.24,0.31
2020-10-29,Suburban Cook,0.23,0.28
2020-10-30,Suburban Cook,0.22,0.28
2020-10-31,Suburban Cook,0.22,0.28
2020-11-01,Suburban Cook,0.24,0.3
2020-11-02,Suburban Cook,0.26,0.31
2020-11-03,Suburban Cook,0.26,0.3
2020-11-04,Suburban Cook,0.25,0.28
2020-11-05,Suburban Cook,0.22,0.26
2020-11-06,Suburban Cook,0.2,0.26
2020-11-07,Suburban Cook,0.2,0.27
2020-11-08,Suburban Cook,0.21,0.28
2020-11-09,Suburban Cook,0.22,0.28
2020-11-10,Suburban Cook,0.21,0.27
2020-11-11,Suburban Cook,0.19,0.25
2020-11-12,Suburban Cook,0.19,0.25
2020-11-13,Suburban Cook,0.2,0.26
2020-11-14,Suburban Cook,0.22,0.28
2020-11-15,Suburban Cook,0.24,0.3
2020-11-16,Suburban Cook,0.24,0.3
2020-11-17,Suburban Cook,0.24,0.28
2020-11-18,Suburban Cook,0.22,0.26
2020-11-19,Suburban Cook,0.22,0.22
2020-11-20,Suburban Cook,0.21,0.2
2020-11-21,Suburban Cook,0.22,0.19
2020-11-22,Suburban Cook,0.24,0.19
2020-11-23,Suburban Cook,0.22,0.17
2020-11-24,Suburban Cook,0.21,0.17
2020-11-25,Suburban Cook,0.2,0.17
2020-11-26,Suburban Cook,0.23,0.19
2020-11-27,Suburban Cook,0.25,0.2
2020-11-28,Suburban Cook,0.26,0.21
2020-11-29,Suburban Cook,0.25,0.21
2020-11-30,Suburban Cook,0.23,0.2
2020-12-01,Suburban Cook,0.2,0.18
2020-12-02,Suburban Cook,0.19,0.17
2020-12-03,Suburban Cook,0.18,0.16
2020-12-04,Suburban Cook,0.19,0.16
2020-12-05,Suburban Cook,0.21,0.17
2020-12-06,Suburban Cook,0.22,0.17
2020-12-07,Suburban Cook,0.22,0.17
2020-12-08,Suburban Cook,0.2,0.16
2020-12-09,Suburban Cook,0.18,0.17
2020-12-10,Suburban Cook,0.18,0.16
2020-12-11,Suburban Cook,0.18,0.17
2020-12-12,Suburban Cook,0.19,0.18
2020-12-13,Suburban Cook,0.2,0.19
2020-12-14,Suburban Cook,0.21,0.19
2020-12-15,Suburban Cook,0.19,0.17
2020-12-16,Suburban Cook,0.18,0.17
2020-12-17,Suburban Cook,0.18,0.17
2020-12-18,Suburban Cook,0.18,0.18
2020-12-19,Suburban Cook,0.18,0.17
2020-12-20,Suburban Cook,0.19,0.19
2020-12-21,Suburban Cook,0.2,0.2
2020-12-22,Suburban Cook,0.2,0.19
2020-12-23,Suburban Cook,0.18,0.17
2020-12-24,Suburban Cook,0.18,0.17
2020-12-25,Suburban Cook,0.23,0.18
2020-12-26,Suburban Cook,0.27,0.2
2020-12-27,Suburban Cook,0.28,0.2
2020-12-28,Suburban Cook,0.25,0.2
2020-12-29,Suburban Cook,0.21,0.19
2020-12-30,Suburban Cook,0.19,0.18
2020-12-31,Suburban Cook,0.18,0.18
2021-01-01,Suburban Cook,0.2,0.2
2021-01-02,Suburban Cook,0.22,0.21
2021-01-03,Suburban Cook,0.23,0.23
2021-01-04,Suburban Cook,0.22,0.23
2021-01-05,Suburban Cook,0.2,0.22
2021-01-06,Suburban Cook,0.17,0.21
2021-01-07,Suburban Cook,0.16,0.2
2021-01-08,Suburban Cook,0.16,0.22
2021-01-09,Suburban Cook,0.17,0.23
2021-01-10,Suburban Cook,0.19,0.23
2021-01-11,Suburban Cook,0.2,0.23
2021-01-12,Suburban Cook,0.2,0.23
2021-01-13,Suburban Cook,0.19,0.21
2021-01-14,Suburban Cook,0.17,0.21
2021-01-15,Suburban Cook,0.19,0.22
2021-01-16,Suburban Cook,0.19,0.22
2021-01-17,Suburban Cook,0.19,0.22
2021-01-18,Suburban Cook,0.19,0.21
2021-01-19,Suburban Cook,0.19,0.21
2021-01-20,Suburban Cook,0.19,0.21
2021-01-21,Suburban Cook,0.2,0.21
2021-01-22,Suburban Cook,0.19,0.21
2021-01-23,Suburban Cook,0.19,0.22
2020-06-13,Chicago,0.34,0.41
2020-06-14,Chicago,0.36,0.42
2020-06-15,Chicago,0.37,0.44
2020-06-16,Chicago,0.36,0.44
2020-06-17,Chicago,0.34,0.42
2020-06-18,Chicago,0.32,0.41
2020-06-19,Chicago,0.31,0.4
2020-06-20,Chicago,0.31,0.41
2020-06-21,Chicago,0.34,0.4
2020-06-22,Chicago,0.35,0.42
2020-06-23,Chicago,0.34,0.42
2020-06-24,Chicago,0.32,0.42
2020-06-25,Chicago,0.31,0.42
2020-06-26,Chicago,0.31,0.43
2020-06-27,Chicago,0.32,0.44
2020-06-28,Chicago,0.34,0.44
2020-06-29,Chicago,0.36,0.45
2020-06-30,Chicago,0.35,0.45
2020-07-01,Chicago,0.33,0.44
2020-07-02,Chicago,0.31,0.41
2020-07-03,Chicago,0.32,0.41
2020-07-04,Chicago,0.34,0.42
2020-07-05,Chicago,0.36,0.43
2020-07-06,Chicago,0.37,0.43
2020-07-07,Chicago,0.36,0.41
2020-07-08,Chicago,0.33,0.39
2020-07-09,Chicago,0.31,0.37
2020-07-10,Chicago,0.3,0.38
2020-07-11,Chicago,0.3,0.39
2020-07-12,Chicago,0.31,0.4
2020-07-13,Chicago,0.33,0.4
2020-07-14,Chicago,0.32,0.41
2020-07-15,Chicago,0.31,0.41
2020-07-16,Chicago,0.28,0.4
2020-07-17,Chicago,0.27,0.4
2020-07-18,Chicago,0.28,0.4
2020-07-19,Chicago,0.31,0.42
2020-07-20,Chicago,0.33,0.43
2020-07-21,Chicago,0.32,0.43
2020-07-22,Chicago,0.3,0.41
2020-07-23,Chicago,0.28,0.39
2020-07-24,Chicago,0.28,0.39
2020-07-25,Chicago,0.29,0.4
2020-07-26,Chicago,0.31,0.42
2020-07-27,Chicago,0.32,0.43
2020-07-28,Chicago,0.31,0.43
2020-07-29,Chicago,0.29,0.43
2020-07-30,Chicago,0.29,0.4
2020-07-31,Chicago,0.28,0.4
2020-08-01,Chicago,0.28,0.4
2020-08-02,Chicago,0.29,0.42
2020-08-03,Chicago,0.31,0.43
2020-08-04,Chicago,0.31,0.43
2020-08-05,Chicago,0.29,0.42
2020-08-06,Chicago,0.27,0.41
2020-08-07,Chicago,0.27,0.4
2020-08-08,Chicago,0.28,0.4
2020-08-09,Chicago,0.3,0.4
2020-08-10,Chicago,0.3,0.41
2020-08-11,Chicago,0.29,0.42
2020-08-12,Chicago,0.27,0.42
2020-08-13,Chicago,0.26,0.4
2020-08-14,Chicago,0.26,0.39
2020-08-15,Chicago,0.26,0.4
2020-08-16,Chicago,0.28,0.42
2020-08-17,Chicago,0.3,0.44
2020-08-18,Chicago,0.29,0.43
2020-08-19,Chicago,0.28,0.43
2020-08-20,Chicago,0.26,0.41
2020-08-21,Chicago,0.26,0.41
2020-08-22,Chicago,0.26,0.41
2020-08-23,Chicago,0.27,0.43
2020-08-24,Chicago,0.27,0.43
2020-08-25,Chicago,0.26,0.43
2020-08-26,Chicago,0.25,0.41
2020-08-27,Chicago,0.23,0.39
2020-08-28,Chicago,0.23,0.38
2020-08-29,Chicago,0.24,0.38
2020-08-30,Chicago,0.26,0.39
2020-08-31,Chicago,0.29,0.41
2020-09-01,Chicago,0.29,0.41
2020-09-02,Chicago,0.28,0.4
2020-09-03,Chicago,0.26,0.38
2020-09-04,Chicago,0.26,0.38
2020-09-05,Chicago,0.27,0.4
2020-09-06,Chicago,0.29,0.42
2020-09-07,Chicago,0.31,0.43
2020-09-08,Chicago,0.33,0.44
2020-09-09,Chicago,0.32,0.43
2020-09-10,Chicago,0.29,0.42
2020-09-11,Chicago,0.27,0.41
2020-09-12,Chicago,0.27,0.39
2020-09-13,Chicago,0.27,0.35
2020-09-14,Chicago,0.27,0.36
2020-09-15,Chicago,0.26,0.34
2020-09-16,Chicago,0.25,0.34
2020-09-17,Chicago,0.23,0.31
2020-09-18,Chicago,0.22,0.31
2020-09-19,Chicago,0.23,0.32
2020-09-20,Chicago,0.26,0.34
2020-09-21,Chicago,0.27,0.36
2020-09-22,Chicago,0.26,0.36
2020-09-23,Chicago,0.24,0.35
2020-09-24,Chicago,0.23,0.32
2020-09-25,Chicago,0.22,0.31
2020-09-26,Chicago,0.23,0.31
2020-09-27,Chicago,0.24,0.3
2020-09-28,Chicago,0.26,0.32
2020-09-29,Chicago,0.26,0.33
2020-09-30,Chicago,0.26,0.34
2020-10-01,Chicago,0.24,0.34
2020-10-02,Chicago,0.24,0.33
2020-10-03,Chicago,0.25,0.32
2020-10-04,Chicago,0.27,0.32
2020-10-05,Chicago,0.28,0.34
2020-10-06,Chicago,0.28,0.34
2020-10-07,Chicago,0.26,0.33
2020-10-08,Chicago,0.23,0.3
2020-10-09,Chicago,0.22,0.29
2020-10-10,Chicago,0.23,0.28
2020-10-11,Chicago,0.25,0.3
2020-10-12,Chicago,0.27,0.33
2020-10-13,Chicago,0.27,0.34
2020-10-14,Chicago,0.25,0.32
2020-10-15,Chicago,0.22,0.3
2020-10-16,Chicago,0.22,0.31
2020-10-17,Chicago,0.22,0.31
2020-10-18,Chicago,0.25,0.32
2020-10-19,Chicago,0.25,0.32
2020-10-20,Chicago,0.25,0.33
2020-10-21,Chicago,0.23,0.32
2020-10-22,Chicago,0.22,0.31
2020-10-23,Chicago,0.21,0.3
2020-10-24,Chicago,0.22,0.29
2020-10-25,Chicago,0.24,0.3
2020-10-26,Chicago,0.25,0.32
2020-10-27,Chicago,0.24,0.33
2020-10-28,Chicago,0.23,0.31
2020-10-29,Chicago,0.22,0.29
2020-10-30,Chicago,0.22,0.29
2020-10-31,Chicago,0.23,0.29
2020-11-01,Chicago,0.24,0.29
2020-11-02,Chicago,0.25,0.3
2020-11-03,Chicago,0.25,0.3
2020-11-04,Chicago,0.24,0.29
2020-11-05,Chicago,0.23,0.27
2020-11-06,Chicago,0.22,0.27
2020-11-07,Chicago,0.23,0.26
2020-11-08,Chicago,0.25,0.28
2020-11-09,Chicago,0.26,0.3
2020-11-10,Chicago,0.24,0.3
2020-11-11,Chicago,0.22,0.28
2020-11-12,Chicago,0.2,0.25
2020-11-13,Chicago,0.21,0.27
2020-11-14,Chicago,0.23,0.29
2020-11-15,Chicago,0.25,0.31
2020-11-16,Chicago,0.26,0.32
2020-11-17,Chicago,0.27,0.32
2020-11-18,Chicago,0.26,0.31
2020-11-19,Chicago,0.23,0.27
2020-11-20,Chicago,0.21,0.23
2020-11-21,Chicago,0.2,0.2
2020-11-22,Chicago,0.2,0.22
2020-11-23,Chicago,0.21,0.24
2020-11-24,Chicago,0.2,0.23
2020-11-25,Chicago,0.2,0.22
2020-11-26,Chicago,0.22,0.22
2020-11-27,Chicago,0.25,0.23
2020-11-28,Chicago,0.26,0.25
2020-11-29,Chicago,0.25,0.26
2020-11-30,Chicago,0.23,0.25
2020-12-01,Chicago,0.21,0.23
2020-12-02,Chicago,0.2,0.21
2020-12-03,Chicago,0.18,0.2
2020-12-04,Chicago,0.17,0.19
2020-12-05,Chicago,0.17,0.2
2020-12-06,Chicago,0.19,0.21
2020-12-07,Chicago,0.2,0.21
2020-12-08,Chicago,0.19,0.2
2020-12-09,Chicago,0.18,0.19
2020-12-10,Chicago,0.18,0.2
2020-12-11,Chicago,0.18,0.2
2020-12-12,Chicago,0.18,0.19
2020-12-13,Chicago,0.19,0.2
2020-12-14,Chicago,0.19,0.21
2020-12-15,Chicago,0.18,0.22
2020-12-16,Chicago,0.17,0.21
2020-12-17,Chicago,0.17,0.21
2020-12-18,Chicago,0.16,0.21
2020-12-19,Chicago,0.16,0.23
2020-12-20,Chicago,0.17,0.24
2020-12-21,Chicago,0.19,0.26
2020-12-22,Chicago,0.19,0.25
2020-12-23,Chicago,0.18,0.24
2020-12-24,Chicago,0.18,0.23
2020-12-25,Chicago,0.2,0.26
2020-12-26,Chicago,0.24,0.27
2020-12-27,Chicago,0.25,0.27
2020-12-28,Chicago,0.25,0.25
2020-12-29,Chicago,0.22,0.25
2020-12-30,Chicago,0.19,0.23
2020-12-31,Chicago,0.18,0.24
2021-01-01,Chicago,0.19,0.24
2021-01-02,Chicago,0.21,0.25
2021-01-03,Chicago,0.22,0.26
2021-01-04,Chicago,0.22,0.26
2021-01-05,Chicago,0.21,0.26
2021-01-06,Chicago,0.18,0.25
2021-01-07,Chicago,0.17,0.24
2021-01-08,Chicago,0.16,0.24
2021-01-09,Chicago,0.16,0.23
2021-01-10,Chicago,0.17,0.26
2021-01-11,Chicago,0.18,0.28
2021-01-12,Chicago,0.18,0.27
2021-01-13,Chicago,0.18,0.26
2021-01-14,Chicago,0.16,0.25
2021-01-15,Chicago,0.17,0.26
2021-01-16,Chicago,0.17,0.27
2021-01-17,Chicago,0.17,0.27
2021-01-18,Chicago,0.17,0.28
2021-01-19,Chicago,0.17,0.28
2021-01-20,Chicago,0.17,0.28
2021-01-21,Chicago,0.18,0.28
2021-01-22,Chicago,0.18,0.28
2021-01-23,Chicago,0.18,0.27
